:020000040800F2
:1000000000060020E1020008E3020008E302000805
:10001000E3020008E3020008E3020008E30200082C
:10002000E3020008E3020008E30200086178000828
:10003000E3020008E3020008E3020008E30200080C
:10004000E3020008E3020008E3020008E3020008FC
:10005000E3020008E3020008E3020008E3020008EC
:10006000E3020008E3020008E30200080547000875
:100070002D4700085947000885470008B147000888
:10008000D947000805480008E3020008E302000819
:10009000E3020008E3020008E3020008E3020008AC
:1000A000E3020008E3020008E3020008E30200089C
:1000B000E3020008E3020008E3020008E30200088C
:1000C000E3020008E3020008E3020008E30200087C
:1000D000E3020008E3020008E30200088187000849
:1000E000E3020008E3020008E3020008E30200085C
:1000F000E3020008E3020008E302000831480008B8
:10010000E3020008E3020008BD870008E3020008DC
:10011000E302000895870008E3020008E3020008F4
:100120005D48000885480008B1480008DD4800081F
:1001300009490008E3020008E3020008E30200089E
:10014000E3020008E3020008E3020008E3020008FB
:10015000314900085D49000889490008E3020008A8
:10016000E3020008E3020008E3020008E3020008DB
:10017000E30200084D840008E3020008E3020008DF
:10018000E3020008E3020008A9870008E302000870
:10019000E3020008E3020008E3020008E3020008AB
:1001A000E3020008E3020008E3020008E30200089B
:1001B000E3020008E3020008E3020008E30200088B
:1001C000E3020008E3020008E3020008E30200087B
:1001D000E302000839840008E3020008E302000893
:1001E000E3020008E3020008E3020008E30200085B
:1001F000E3020008E3020008E3020008E30200084B
:10020000E3020008E3020008E3020008E30200083A
:10021000E3020008E3020008E3020008E30200082A
:10022000E3020008E3020008E3020008E30200081A
:100230006D870008E3020008E3020008E3020008FB
:10024000E3020008E3020008E3020008E3020008FA
:10025000E3020008E3020008E3020008E3020008EA
:10026000E3020008E3020008E3020008E3020008DA
:10027000E3020008E3020008E3020008E3020008CA
:10028000E3020008E3020008E3020008E3020008BA
:10029000E3020008E3020008E3020008E3020008AA
:1002A000E3020008E3020008E3020008E30200089A
:1002B000E3020008E3020008E3020008E30200088A
:1002C000E3020008E3020008E3020008E30200087A
:1002D000E3020008E3020008E3020008E30200086A
:1002E00002E000F000F8FEE772B6374880F30888B5
:1002F000364880F3098836483649086040F20000E5
:10030000CCF200004EF63471CEF200010860BFF36B
:100310004F8FBFF36F8F40F20000C0F2F0004EF637
:100320008851CEF200010860BFF34F8FBFF36F8F8B
:100330004FF00000E1EE100A4EF63C71CEF20001E3
:100340000860062080F31488BFF36F8F07F0EAFA85
:1003500006F040FC4FF055301F491B4A91423CBF0C
:1003600041F8040BFAE71D49184A91423CBF41F895
:10037000040BFAE71A491B4A1B4B9A423EBF51F83D
:10038000040B42F8040BF8E700201849184A914280
:100390003CBF41F8040BFAE707F002FB06F09EFCB5
:1003A000144C154DAC4203DA54F8041B8847F9E7A6
:1003B00000F0C4F9114C124DAC4203DA54F8041B9E
:1003C0008847F9E707F0EABA00060020002200207B
:1003D0000000000808ED00E00000002000060020FA
:1003E000289C00080022002074220020782200208F
:1003F000B4660020E0020008E0020008E002000805
:10040000E00200082DE9F04F2DED108AC1F80CD064
:10041000D0F80CD0BDEC108ABDE8F08F002383F338
:1004200011882846A047002006F0B6F9FEE706F03E
:1004300009F900DFFEE7000053B94AB9002908BFF7
:1004400000281CBF4FF0FF314FF0FF3000F074B9AF
:10045000ADF1080C6DE904CE00F006F8DDF804E01B
:10046000DDE9022304B070472DE9F047089D0446FA
:100470008E46002B4DD18A42944669D9B2FA82F257
:1004800052B101FA02F3C2F1200120FA01F10CFA93
:1004900002FC41EA030E94404FEA1C48210CBEFBCB
:1004A000F8F61FFA8CF708FB16E341EA034306FB54
:1004B00007F199420AD91CEB030306F1FF3080F0E3
:1004C0001F81994240F21C81023E63445B1AA4B230
:1004D000B3FBF8F008FB103344EA034400FB07F7D2
:1004E000A7420AD91CEB040400F1FF3380F00A8113
:1004F000A74240F207816444023840EA0640E41B08
:1005000000261DB1D4400023C5E900433146BDE8B3
:10051000F0878B4209D9002D00F0EF800026C5E955
:10052000000130463146BDE8F087B3FA83F6002E6D
:100530004AD18B4202D3824200F2F980841A61EBE5
:10054000030301209E46002DE0D0C5E9004EDDE703
:1005500002B9FFDEB2FA82F2002A40F09280A1EBEB
:100560000C014FEA1C471FFA8CFE0126200CB1FB40
:10057000F7F307FB131140EA01410EFB03F0884239
:1005800008D91CEB010103F1FF3802D2884200F2C6
:10059000CB804346091AA4B2B1FBF7F007FB101158
:1005A00044EA01440EFB00FEA64508D91CEB0404F6
:1005B00000F1FF3102D2A64500F2BB800846A4EB51
:1005C0000E0440EA03409CE7C6F12007B34022FA3C
:1005D00007FC4CEA030C20FA07F401FA06F31C436B
:1005E000F9404FEA1C4900FA06F3B1FBF9F8200C78
:1005F0001FFA8CFE09FB181140EA014108FB0EF0BE
:10060000884202FA06F20BD91CEB010108F1FF3A0D
:1006100080F08880884240F28580A8F10208614419
:10062000091AA4B2B1FBF9F009FB101144EA014127
:1006300000FB0EFE8E4508D91CEB010100F1FF34D2
:100640006CD28E456AD90238614440EA0840A0FB6A
:100650000294A1EB0E01A142C846A64656D353D040
:100660005DB1B3EB080261EB0E0101FA07F722FA64
:1006700006F3F1401F43C5E9007100263146BDE88D
:10068000F087C2F12003D8400CFA02FC21FA03F3F0
:10069000914001434FEA1C471FFA8CFEB3FBF7F071
:1006A00007FB10360B0C43EA064300FB0EF69E4296
:1006B00004FA02F408D91CEB030300F1FF382FD22F
:1006C0009E422DD9023863449B1B89B2B3FBF7F6D7
:1006D00007FB163341EA034106FB0EF38B4208D9B0
:1006E0001CEB010106F1FF3816D28B4214D9023EF1
:1006F0006144C91A46EA004638E72E46284605E70F
:100700000646E3E61846F8E64B45A9D2B9EB0208DF
:1007100064EB0C0E0138A3E74646EAE7204694E76F
:100720004046D1E7D0467BE7023B614432E73046A2
:1007300009E76444023842E7704700BF38B501F06A
:10074000EBF901F0ADFB06F067FF054607F07AF81C
:100750000446D0B90F4B9D4219D001339D4241F25E
:10076000883504BF01240025002006F05FFF0CB18E
:1007700000F076F801F034FB00F012FD08B100F053
:100780006FF8284600F01AF9F9E70025ECE705466E
:10079000EAE700BF010007B008B501F089F9A0F150
:1007A00020035842584108BD07B5042101900DEBC4
:1007B000010001F09BF903B05DF804FB38B530236C
:1007C00083F31188174803680BB106F0C9F80023BA
:1007D000154A4FF47A71134806F0B8F8002383F3F2
:1007E0001188124C236813B12368013B23606368AE
:1007F00013B16368013B63600D4D2B7833B96368B7
:100800007BB9022001F04EFA322363602B78032B70
:1008100007D163682BB9022001F044FA4FF47A73D0
:10082000636038BD78220020BD07000898230020AF
:1008300090220020084B187003280CD8DFE800F045
:1008400008050208022001F01FBA022001F00CBACC
:10085000024B00225A60704790220020982300200B
:10086000F8B5504B504A1C461968013100F0998088
:1008700004339342F8D162684C4B9A4240F2918023
:100880004B4B9B6803F1006303F500339A4280F001
:100890008880002001F05AF90220FFF7CBFF454B7A
:1008A0000021D3F8E820C3F8E810D3F81021C3F8EA
:1008B0001011D3F81021D3F8EC20C3F8EC10D3F8C2
:1008C0001421C3F81411D3F81421D3F8F020C3F87D
:1008D000F010D3F81821C3F81811D3F81821D3F861
:1008E000802042F00062C3F88020D3F8802022F0FC
:1008F0000062C3F88020D3F88020D3F8802042F033
:100900000072C3F88020D3F8802022F00072C3F870
:100910008020D3F8803072B64FF0E023C3F8084D42
:10092000D4E90004BFF34F8FBFF36F8F224AC2F8A0
:100930008410BFF34F8F536923F480335361BFF3A7
:100940004F8FD2F8803043F6E076C3F3C905C3F386
:100950004E335B0103EA060C29464CEA81770139E4
:10096000C2F87472F9D2203B13F1200FF2D1BFF319
:100970004F8FBFF36F8FBFF34F8FBFF36F8F5369ED
:1009800023F4003353610023C2F85032BFF34F8F7A
:10099000BFF36F8F302383F31188854680F3088877
:1009A0002047F8BD0000020820000208FFFF0108F0
:1009B000002200200044025800ED00E02DE9F04F35
:1009C00095B0DFF8D8922022FF21029004A8D9F830
:1009D000085001F0AFF9A84A1378A3B90121A7483C
:1009E00011700360302383F3118803680BB105F0A5
:1009F000B7FF0023A24A4FF47A71A04805F0A6FF82
:100A0000002383F31188029B13B19E4B029A1A6054
:100A10009D4A1378032B03D000231370994A536027
:100A20004FF0000B029C5E46DA46CDF804B0012080
:100A300001F02AF924B1934B1B68002B00F02882A7
:100A4000002001F035F8B0F10008F3DB012001F0DF
:100A50000BF9A8F121031F2BE9D801A252F823F0CA
:100A6000E10A0008FD0A00088B0B00082F0A0008A5
:100A70002F0A00082F0A0008150C0008070E0008AE
:100A8000F90C0008550D00087B0D0008A10D0008A9
:100A90002F0A0008B30D0008D70D00084F0E0008FC
:100AA000690B00082F0A0008970E0008ED0A0008DD
:100AB000690B00082F0A0008550D00082F0A0008CE
:100AC0002F0A00082F0A00082F0A00082F0A000822
:100AD0002F0A00082F0A00082F0A00088B0B0008B5
:100AE0000220FFF759FE002840F0FF81029B0221FF
:100AF0006648BBF1000F08BF1C4640E04FF47A7017
:100B000000F0D6FF071EF1DB0220FFF745FE0028AC
:100B1000ECD0013F052F00F2EA81DFE807F0030780
:100B20000A0D10330520FFF73FFE14E0D9F800004E
:100B3000F9E7D9F80400F6E7D9F80800F3E74FF031
:100B40001C08404608F1040801F002F8FFF72CFEEB
:100B5000B8F12C0FF5D10120019B4FF0000A00FAEB
:100B600007F71F43FBB2019301F030F92EB1019B4F
:100B700003F00B030B2B08BF00240221444800F0B4
:100B8000B5FF54E7D9F80C00CDE7002EAED0019B9D
:100B900003F00B030B2BA9D10220FFF7FDFD074645
:100BA0000028A3D00120002600F0D0FF0220FFF78C
:100BB00041FE1FFA86FB584600F0D8FF044688B174
:100BC000A8F14002584601365142514100F0DEFF83
:100BD0000028EED1BB46044602212E483E4600F0D6
:100BE00085FF24E725460120FFF724FED9F80830C9
:100BF000AB4207D9284600F0ABFF013040F07A81C4
:100C00000435F3E70025204BBB463E461D701D4BC7
:100C10005D60A9E7002E3FF469AF019B03F00B0371
:100C20000B2B7FF463AF0220FFF704FE322000F0AD
:100C30003FFFB0F10008FFF659AF18F003077FF44B
:100C400055AF08EB0503D9F8082093423FF64EAFA5
:100C5000B8F5807F3FF74AAF0F4BB84503931FDDD0
:100C60004FF47A7000F024FF0028FFF63FAF039B9B
:100C7000013703F8010BF0E79423002078220020CD
:100C8000BD0700089823002090220020DC91000876
:100C9000D4910008D891000894220020002200205E
:100CA000C820FFF779FD074600283FF41FAF1F2D2E
:100CB00011D8C5F1200204AB25F003008F4942454D
:100CC000184428BF4246039201F00EF8039AFF2110
:100CD0008A4801F02FF84FEAA803C8F38702874932
:100CE0002846039301F02EF8064600283FF474AF1F
:100CF000039B05EB830537E70220FFF74DFD002836
:100D00003FF4F4AE00F060FF00283FF4EFAE0027A0
:100D1000B846D9F80830BB4218D91F2F11D8049B08
:100D200001330ED027F0030314AA134453F8403CB8
:100D30000C93404604220CA9043701F049F980467F
:100D4000E7E7384600F004FF0C90F2E74046FFF773
:100D50002BFD09E7002364210CA80C9300F0BCFED6
:100D600000287FF4C3AE0220FFF716FD00283FF4F1
:100D7000BDAE0C9800F01EFFE9E7002364210CA82B
:100D80000C9300F0A9FE00287FF4B0AE0220FFF71C
:100D900003FD00283FF4AAAE0C9800F00DFFD6E743
:100DA0000220FFF7F9FC00283FF4A0AE00F01CFF82
:100DB000CDE70220FFF7F0FC00283FF497AE0CA926
:100DC000142000F017FF0390FFF7EEFC03990CA826
:100DD00000F08CFEC8E60220FFF7DEFC00283FF49E
:100DE00085AE474B0CAF03F1100C1868083353F86D
:100DF000041C3A46634503C21746F6D11020FFF79C
:100E0000D3FC1021E3E7322000F052FE071EFFF66C
:100E10006DAEBB077FF46AAE07EB0A03D9F8082072
:100E200093423FF663AE0220FFF7B6FC00283FF482
:100E30005DAE27F003075744BA453FF495AE5046E0
:100E40000AF1040A00F084FEFFF7AEFCF4E74FF469
:100E50007A70FFF7A1FC00283FF448AE00F0B4FE22
:100E6000002849D0049B01330BD0082204A900209C
:100E700000F068FF00283FD02022FF2104A800F0E6
:100E800059FF2048022100F031FE1F4805F08AFC7E
:100E900015B0BDE8F08F002E3FF428AE019B03F0A3
:100EA0000B030B2B7FF422AE002364210CA80C93C0
:100EB00000F012FE074600287FF418AE0220FFF76C
:100EC0006BFC804600283FF411AE02210D4800F073
:100ED0000DFE41F2883005F065FC0C9800F0BEFF75
:100EE00046463C4600F072FFA1E506463CE64FF060
:100EF000000AFBE5BB466FE637466DE6942200200C
:100F0000C0910008D4910008A0860100704700003D
:100F1000704700007047000038B505461446084683
:100F20000322064900F0EAFE38B905F1080220461E
:100F30001021BDE8384001F077B838BDE0910008D5
:100F40002DE9F04100F58037044616463B7C5BB93D
:100F5000C0681030204400F0C7FEE5683544B5F5A0
:100F6000004FE56002D816B1BDE8F081DEB905F0AA
:100F70007F0605F110000021C6F180062044F6B27C
:100F800032462E4400F0D6FEA06804F11008324626
:100F900000F10060414600F5003006F0DDF830B9A0
:100FA00001233B74E0E74FF400463546ECE7A268C6
:100FB00005F11001404632442144A260E268521B10
:100FC000E26000F091FE0220BDE8F04100F06ABE50
:100FD000183000F0B9BC000010B5044601F04EF81E
:100FE000204610BD10B5044601F048F8204610BD5B
:100FF0002DE9F04FADF53F7D0746416801222AA853
:1010000002F02CFF002840F0878006468246814689
:101010001125DFF80C81DFF80CB101AB4FF48052E1
:1010200041462AA803F07AF8002875D1019AB2F552
:10103000805F71D8002A65D00446019A9442ECD2B0
:10104000282D0FD008DC132D2DD01E2D39D0112DB9
:1010500013D00134A4B2F0E7322D2DD0372D2FD08C
:101060002D2DF6D13B68121B08EB040138461B6995
:101070002D259847BDF80440EBE7121B022A09D939
:10108000594608EB040000F039FE18B9023428254F
:10109000A4B2DEE718F804303A2B3DD00A2B1CBF6F
:1010A000A1461325D5E718F804300A2B34D03A2B83
:1010B00004BFA2463225CCE718F80430202BC8D054
:1010C000264618F804300A2B1AD1AAEB090208EBBD
:1010D000090102A811254F2A28BF4F2208F05CF809
:1010E000A21B08EB060116A84F2A28BF4F2208F0C2
:1010F00053F83B6816AA02A9DB6838469847A8E768
:101100001E25A6E73B68384604491B69984701201D
:101110000DF53F7DBDE8F08F0020F9E7E292000871
:10112000A0230020E491000800F1180110B5044646
:1011300086B00846019100F0F1FB2046FFF758FF0A
:1011400060B1019902A800F049FC102204F10801E5
:1011500002A807F0E1FFB0FA80F0400906B010BD28
:1011600070B504460025EEB2304600F0FFFC58B1E1
:1011700000213046013500F009FD08B9002070BD9E
:10118000022000F08FFDEEE72046FFF731FF002838
:10119000F4D004F58034207C80F00100EFE70000FB
:1011A000F0B5C9B006F050FA00F084FF18B9002578
:1011B000284649B0F0BD69462A4803F071F8002876
:1011C0004BD1294C204603F09BF8284803F098F8AF
:1011D000274803F095F82146224803F00DF900282E
:1011E000E5D1702000F044FF064610B1214B446069
:1011F0000360336830469B689847054600282ED028
:101200001A4F1948394603F0F7F805460028CED1A1
:10121000194800F02DFF044638B1184B47600360B1
:1012200000F58033C0E902551D74236820469B6891
:101230009847054628B10E490C4803F0DDF8002810
:10124000B5D1336830465B6898471CB123682046A7
:101250005B68984700F016FFAAE70025FAE7044606
:10126000EFE700BFE8910008F89100080F9200082E
:1012700025920008489200081400010064920008BA
:101280002DE9F04FD44A8DB00B68D0F804A001933B
:101290001A440368D14E1A44D1F81C90DFF8B4C345
:1012A000DFF8B4B3D0E90234634003EA0A036340D1
:1012B00013444A6802920AEB7363029CC84A2244B0
:1012C000C468224484688AEA04051D4065401544C8
:1012D0008A68039203EB3555039CC24A2244846812
:1012E00022448AEA03042C4084EA0A041444CA68AB
:1012F00005EBF4340492164483EA05022240564476
:101300005A4032440E69059604EBB222059FB64E50
:101310003E441E4485EA040313406B4033444E6947
:10132000069602EB7363069FB04E3E442E4484EA59
:1013300002051D40654035448E69079603EB35551F
:10134000079FAB4E3E44264482EA03042C4054409F
:101350003444A84E4E4405EBF434164483EA0502A7
:1013600022405A4032440E6A089604EBB222089F8B
:10137000A14E3E441E4485EA040313406B403344AF
:101380004E6A099602EB7363099F9C4ED1F830E0D8
:101390003E44D1F83880F3442E4484EA02051D40CF
:1013A000654035448E6AA6F5244703EB35550A9609
:1013B0004F3F274482EA03042C4054403C44CF6A08
:1013C0000B9705EBF4340B9E8D4F3744029E174468
:1013D00083EA050222405A403A448A4F774404EB9C
:1013E000B2221F4485EA040313406B403B444F6B19
:1013F000BC4402EB7363654484EA020C0CEA030C00
:101400008CEA040C6544DFF854C2C44403EB355540
:10141000A44482EA03042C4054406444D1F83CC004
:10142000794905EBF4346144114483EA0502224012
:101430005A400A44754904EBB2223144079E1944CC
:1014400084EA02032B4063400B44714902EBF363CF
:1014500031440B9E0D4482EA03012140514029444E
:101460006C4D03EBF1513544019E254483EA0104A0
:1014700014405C402C44684D01EBB4443544069E56
:10148000154481EA04021A404A402A44634D04EBA1
:10149000323235440A9E1D4484EA02030B40634005
:1014A0002B445F4D02EBF3633544059E0D4482EA05
:1014B00003012140514029445A4D03EBF151654449
:1014C000254483EA010414405C402C44564D01EB52
:1014D000B4443544099E154481EA04021A404A4046
:1014E0002A44524D04EB32323544049E1D4484EAB2
:1014F00002030B4063402B444D4D02EBF363454424
:101500000D4482EA0301214051402944494D03EB37
:10151000F1513544089E2C4483EA010515405D4095
:101520002C44454D01EBB4443544039E2A4481EAE2
:1015300004051D404D402A44404D04EB32323D44E9
:101540002B4484EA020593440D4065402B443C4DF6
:1015500002EBF3633544069E294482EA03052540E5
:1015600055402944374D03EBF1514D442C4483EA57
:10157000010515405D40254401EBB54581EA0504B0
:1015800004EA03024A405A44A6F5B82B089E05EB2C
:101590003232ABF2BE6B54405B4423442A4C344499
:1015A00002EB33730B9E0C4485EA0201594021443F
:1015B000264C344403EB7151029E254482EA030415
:1015C0004C402544224C444401EB3545144483EA05
:1015D00001026A40224443E078A46AD7EECEBDC13E
:1015E00056B7C7E8DB702024AF0F7CF52AC68747C3
:1015F000134630A8019546FDD8988069AFF7448B13
:10160000BED75C892211906B2108B44962251EF671
:1016100040B340C0515A5E26AAC7B6E95D102FD626
:101620005314440281E6A1D8C8FBD3E7E6CDE121FB
:10163000D60737C3870DD5F4ED145A4505E9E3A95C
:10164000F8A3EFFCD9026F6781F6718722619D6D67
:101650000C38E5FD937198FD8A4C2A8D8E4379A64E
:10166000934C344405EB7222059E1C4481EA050329
:10167000534023448F4C344402EB33730A9E0C4492
:1016800085EA0201594021448B4C4C4403EB7151D3
:10169000254482EA03044C402C44884D354401EB38
:1016A0003444019E154483EA010262402A44844D79
:1016B0003D4404EB72221D4481EA040353402B4451
:1016C000804D354402EB3373049E294484EA0205BD
:1016D0005D4029447C4D354403EB7151079E254400
:1016E00082EA03044C402C44784D354401EB3444E9
:1016F000099E2A4483EA010565401544744A324430
:1017000004EB7525039E134481EA04026A401A44DF
:10171000704B734405EB32720B4484EA050151406F
:1017200019446D4B634402EB71511C4485EA02037A
:101730004B401C44694B334401EB3444019E1D442F
:1017400082EA010363402B44654D04EB7323354467
:10175000069E154463EA010262402A44614D03EB90
:10176000B2624D4462EA040929445F4D89EA0309E3
:10177000454449442C445D4D02EBB1513544049E2F
:1017800061EA03081D4488EA0208444401EB7444FA
:1017900064EA02034B402B44554D04EBF32375449C
:1017A00063EA010E15448EEA040E0EEB0502514D5C
:1017B00003EBB262354462EA040E29440A9D8EEAC4
:1017C000030EA5F580164C4D7144A6F6833602EB48
:1017D000B151264461EA030454403444029E01EBB3
:1017E0007444354464EA02061D444E407319089E51
:1017F000424D04EBF323354463EA01061544664089
:1018000072193F4D03EBB262654462EA0406294453
:101810003C4D5E403144079E02EBB151354461EAD4
:1018200003062C44384D56403D443444059E1D4427
:1018300001EB744464EA02034B402B44334D04EB48
:10184000F32335440B9E154463EA010262402A44A7
:101850002F4D03EBB2623544039E0D4462EA04014E
:10186000594029442B4D02EBB15135442A4E2544B1
:1018700061EA030454402C44099D01EB74442E4456
:1018800064EA02051E4485EA01039D1903681A44AF
:101890000AEB040303EBF5230260436083681C44F6
:1018A000C36819448460C1600DB0BDE8F08F00BF0B
:1018B00044EABEA4A9CFDE4B604BBBF670BCBFBEF2
:1018C000C67E9B28FA27A1EA8530EFD4051D88043F
:1018D00039D0D4D9E599DBE6F87CA21F6556ACC4B3
:1018E000442229F497FF2A43A72394AB39A093FC01
:1018F000C3595B6592CC0C8FD15D84854F7EA86FF8
:10190000E0E62CFE144301A3A111084E827E53F79A
:1019100035F23ABDBBD2D72A91D386EB094B03608F
:1019200003F18833436003F12943A3F59613A3F62B
:101930008B638360A3F18833C3600023C0E9043361
:10194000704700BF012345672DE9F843144602693B
:1019500005460E46E300C2F3C50800F118079B18C0
:10196000036122BF43690133436112F4FC7F436981
:1019700003EB5473436114D0C8F1400907EB08002E
:101980004C4504D22246BDE8F84307F0D5BB403CA5
:101990004A464E4407F0D0FB444439462846FFF7F8
:1019A0006FFCA04606EB0409B8F13F0FA9EB080154
:1019B0000AD94022384607F0BFFB39462846A8F12D
:1019C0004008FFF75DFCEFE7A1096FF03F023846E2
:1019D00002FB014206EB8111D5E7000070B50B69EF
:1019E00001F1180506460C46C3F3C503EA18501C5E
:1019F0008022EA54C3F13F02072A1FD8002100F0D9
:101A000099F929462046FFF73BFC38220021284659
:101A100000F090F9236929462046236563696365D0
:101A2000FFF72EFC21461022304607F085FB2046AA
:101A300058220021BDE8704000F07CB9C3F13702A4
:101A40000021E5E72DE9F84F4FF47A7306460D467D
:101A5000002402FB03F7DFF85080DFF8509098F97C
:101A600000305FFA84FA5A1C01D0A34210D159F811
:101A700024002A4631460368D3F820B03B46D847B5
:101A8000854205D1074B012083F800A0BDE8F88FFF
:101A90000134042CE3D14FF4FA7004F083FE0020EB
:101AA000F4E700BFE43300201022002014220020BD
:101AB000002307B5024601210DF107008DF807301C
:101AC000FFF7C0FF20B19DF8070003B05DF804FBED
:101AD0004FF0FF30F9E700000A46042108B5FFF790
:101AE000B1FF80F00100C0B2404208BD074B0A467A
:101AF00030B41978064B53F821400146236820463C
:101B0000DD69044BAC4630BC604700BFE4330020C5
:101B100014220020A086010070B50A4E00240A4D50
:101B200005F0BEFA308028683388834208D905F072
:101B3000B3FA2B6804440133B4F5003F2B60F2D3B1
:101B400070BD00BFE6330020A033002005F082BB4B
:101B500000F1006000F500300068704700F100609F
:101B6000920000F5003005F0F7BA0000054B1A6846
:101B7000054B1B889B1A834202D9104405F08CBA8E
:101B800000207047A0330020E633002038B504461B
:101B9000074D29B128682044BDE8384005F094BAC3
:101BA0002868204405F07EFA0028F3D038BD00BF35
:101BB000A03300200020704700F1FF5000F58F1087
:101BC000D0F8000870470000064991F8243033B17E
:101BD00000230822086A81F82430FFF7BFBF0120E4
:101BE000704700BFA4330020014B1868704700BF46
:101BF0000010005C194B01380322084470B51D68C1
:101C0000174BC5F30B042D0C1E88A6420BD15C6844
:101C10000A46013C824213460FD214F9016F4EB1BD
:101C200002F8016BF6E7013A03F10803ECD18142B7
:101C30000B4602D22C2203F8012B0424094A1688F1
:101C4000AE4204D1984284BF967803F8016B013C00
:101C500002F10402F3D1581A70BD00BF0010005CFD
:101C600024220020A4920008022804D1054B4FF43E
:101C700080129A6170470128FCD1024B4FF4001288
:101C8000F7E700BF00100258022803D1044B1022CE
:101C90009A6170470128FCD1014B2022F8E700BF70
:101CA00000100258022805D1064A536983F0100338
:101CB000536170470128FCD1024A536983F0200325
:101CC000F6E700BF0010025870B504464FF47A766C
:101CD0004CB1412C254628BF412506FB05F0641B6D
:101CE00004F060FDF4E770BD002310B5934203D00B
:101CF000CC5CC4540133F9E710BD0000013810B5C5
:101D000010F9013F3BB191F900409C4203D11AB157
:101D10000131013AF4E71AB191F90020981A10BD87
:101D20001046FCE703460246D01A12F9011B0029AF
:101D3000FAD1704702440346934202D003F8011BD4
:101D4000FAE770472DE9F8431F4D144607468846C9
:101D500095F8242052BBDFF870909CB395F824309E
:101D60002BB92022FF2148462F62FFF7E3FF95F8A9
:101D700024004146C0F1080205EB8000A24228BFC2
:101D80002246D6B29200FFF7AFFF95F82430A41B8D
:101D900017441E449044E4B2F6B2082E85F824603D
:101DA000DBD1FFF711FF0028D7D108E02B6A03EB46
:101DB00082038342CFD0FFF707FF0028CBD100205A
:101DC000BDE8F8830120FBE7A4330020024B1A781A
:101DD000024B1A70704700BFE4330020102200202D
:101DE000F8B5194C194803F0D5FF2146174803F000
:101DF000FDFF24684FF47A70154ED4F89020154DED
:101E0000D2F80438114F43F00203C2F80438FFF748
:101E10005BFF2046104904F0F7F8D4F89020042422
:101E2000D2F8043823F00203C2F804384FF4E13347
:101E3000336055F8040BB84202D0314603F008FF76
:101E4000013CF6D1F8BD00BFA09A00081849002057
:101E5000CC33002014220020A89A00080C4B70B547
:101E60000C4D04461E780C4B55F826209A420DD096
:101E70000A4B002118221846FFF75CFF0460014658
:101E800055F82600BDE8704003F0E2BE70BD00BF0B
:101E9000E43300201422002018490020CC33002015
:101EA0002DE9F04771B6464B01201D68454BB3F84C
:101EB000008000231A46194602F00EFE04468020D8
:101EC00005F068FA0746002862D0002C60D03E4E2C
:101ED000ADB24FF0800A7369284643F0C063736166
:101EE000D6F8143143F0C063C6F8143105F0D4F8C5
:101EF00005EB080200FB05F34FF4D06C50434FF0A4
:101F00003D0E984233D93269520144D4D6F810219B
:101F1000510140D4216803F100628A602268D760D1
:101F20002268C2F804A02268C2F800C0D4F8009069
:101F3000D9F8002042F00102C9F80020D4F800903E
:101F4000D9F8002022F01E02C9F80020D4F8009031
:101F5000D9F80020D207FBD494F80C908033616844
:101F60000EFA09F20A60CCE7002005F073F920466A
:101F700002F0F2FD384605F049FA134B5A6942F077
:101F8000C0625A61D3F8142142F0C062C3F8142130
:101F900061B6BDE8F0870D4B9A6A42F400729A620E
:101FA0009A6A42F400429A6261B60026012005F066
:101FB00051F9B045D8D9A819013605F085F8F8E7E8
:101FC000A0330020E63300200020005200ED00E0A6
:101FD00030B50A44084D91420DD011F8013B5840EC
:101FE000082340F30004013B2C4013F0FF0384EA74
:101FF0005000F6D1EFE730BD2083B8ED00F00F03BD
:1020000000F0F00200F0D000402806D0302A09D1BC
:10201000092B07D801200B7070475A1E052A01D8DA
:102020000933F7E70020704773B51446451C8E1836
:10203000B4421AD00DF1060115F8010CFFF7DEFFCE
:1020400010B9002002B070BD0DF1070115F8020BA8
:10205000FFF7D4FF0028F4D09DF806209DF8073044
:1020600043EA021304F8013BE2E70120EAE700003B
:102070000121884238BF084605F0C4B908B105F00F
:10208000C5B9704710B5084C01220849002001F07D
:10209000C1FE23783BB1064803F052FD044803F02B
:1020A00085FD0023237010BDE8330020B4920008A2
:1020B000C83600202DE9F041234C244E236DBBB9D6
:1020C00001224FF4004104F1500005F003FB236DA1
:1020D0001B686BB901224FF4805104F1500005F0E8
:1020E000F9FA236D1B681BB900203070BDE8F08140
:1020F00033780BB1FFF7C6FF0324154F4FF00008EC
:10210000114D13492846C7F8048003F041FD2846C5
:1021100003F07AFB38B1013C284603F047FD14F088
:10212000FF04E1D0EDE70B4901220B4801F072FEFC
:10213000014618B1284603F003FDECE7074800F01C
:102140000FF80120D1E700BFC8360020E833002097
:102150003C220020B4920008EC330020B892000822
:102160000FB4002004B07047006870470346006851
:10217000596870470B0A017043700B0C090E83708D
:10218000C1707047110A027003714170110C120E78
:102190008170C2701A0A42711A0C1B0E8271C371CF
:1021A00070470000C36A0239023B8B4283BF4389F8
:1021B000006C01FB0300002070470000C2F30723FE
:1021C0008A76CB760378032B01BF120C0A75120AAC
:1021D0004A75704700F10B010022D30143EA520314
:1021E00010F8012B52FA83F38842DAB2F5D1104687
:1021F0007047000010B541780446002001310246C6
:102200004901022A16BFA35C032203EBC03302F18B
:1022100001021EBF9BB203EB500398B29142F0D86B
:1022200010BD000002684AB1134613F8011B1F29B4
:102230000DD93A29F9D1911C8B4202D04FF0FF30D1
:1022400070471278302AF9D1036000207047014BA3
:10225000187870473836002038B50D46044618B94E
:10226000092000232B6038BD0368002BF8D01A78B2
:10227000002AF5D08188DA889142F1D1587804F0AB
:102280002DFC10F00100EBD12368EBE738B50D46CB
:1022900040F25231144602F0B9F9FF2807D9012C57
:1022A0000BD9030A022468702B70204638BD30B168
:1022B000002CFAD001242870F7E70024F5E7044643
:1022C000F3E700002DE9F8430026D0F8008005462A
:1022D0000C468E76836B002B4AD098F80030042B86
:1022E0004BD133463546402720E0B7F5187F80F0C4
:1022F000C480F90606F1010608BF0237D05B023739
:102300002BB900F5205292B2B2F5006F0DD305F152
:102310001A01C5F1FF0240EA03402144FFF7B6FF6E
:10232000002800F0AA80054400200346D8F81020B9
:1023300092F82310B142D8D8002B40F09E80002D97
:1023400000F09B8000232544AB766373D8F81020FF
:10235000137903F03701DB0621730BD402F1380047
:10236000FFF704FFC4E9000193896381D3892381C6
:10237000BDE8F88300200146F4E7C36C01335ED169
:10238000EA6B00232E26551E184615F8011F013052
:1023900020290CD0052908BFE521092804D10B2BE1
:1023A0009EBFE71801337E73E718013379730B285A
:1023B000EBD1E11800204873A17E00294BD1002BFE
:1023C00040D06FF00C0604F10D000825361B3318C1
:1023D00010F8011B002938D02E298BB24AD0A3F166
:1023E0004101192903D8117B0D4200D0203303731A
:1023F000EDE7B9F1000F05D100F520539BB2B3F51D
:10240000006F0BD307F11A01C7F1FF0240EA094040
:102410002144FFF73BFF48B10744002002368146C4
:10242000D8F80C30985B0028E3D13846B9F1000F9A
:102430004FF0000218BF002023189A76A0E7B1469B
:102440003746EDE73F23A376012323440021997605
:10245000137B03B96373D37A02F11C0003F03F03CB
:1024600023730023FFF780FE20606360D38A6381BB
:10247000138B7CE710250B46B9E73F230125A37694
:1024800060E7000038B50546002435F8020B08B9AE
:10249000204638BD02F0EEF86308C2B203EBC43345
:1024A00012FA83F39AB2C0F3072303EB520303EB50
:1024B000C2339CB2E9E7000037B5C37804461BB9C4
:1024C0000025284603B030BD00F14C01826C012389
:1024D0004078019104F028FB054680B9A36BE070B9
:1024E000A06C226BC31A9342EAD2A3780199022B03
:1024F000E6D102440123607804F016FBE1E70125F0
:10250000DFE7000038B5836C05460C468B4210D0DF
:10251000FFF7D2FF60B92246012305F14C0168782C
:1025200004F0DEFA00281CBF4FF0FF340120AC6439
:1025300038BD0020FCE7000038B500230446C37016
:102540004FF0FF338364FFF7DDFF00284BD1B4F871
:102550004A524AF655239D4207D10B22254904F1E0
:102560004C0006F0D9FD00283FD094F84C30EB2BFE
:1025700003D01833DBB2012B2ED84AF655239D42E7
:1025800006D108221C4904F19E0006F0C5FD48B39F
:10259000B4F85730B3F5007F1ED194F85930DBB151
:1025A0005A1E1A4218D1B4F85A30ABB194F85C30C4
:1025B000013B012B10D8B4F85D306BB1B4F85F303B
:1025C0007F2B06D804F16C00FFF7CEFDB0F5803FFD
:1025D00002D3B4F8623053B94AF6552085420CBF95
:1025E0000220032038BD0420FCE70120FAE7002088
:1025F000F8E700BFE4920008F092000802392DE9E4
:10260000F04701F007044FF0010A466C05460AFA4C
:1026100004F41746984606EB1136C1F3C809E4B234
:10262000314628460136FFF76DFF18B10120BDE89D
:10263000F087994605EB090292F84C30234214BF0B
:1026400001210021414513D06340013F82F84C3005
:1026500085F803A0EBD0640014F0FF04EAD109F17F
:10266000010301244FF00009B3F5007FE1D1D7E762
:102670000220DCE701290246F8B50C4640F28C80C6
:102680000668F36A8B4240F287803378013B032B64
:1026900000F28280DFE803F00229384B04EB540596
:1026A000B16B304601EB5521FFF72CFF10B14FF015
:1026B000FF30F8BD6F1CC5F30805B16B30463544DB
:1026C00001EB572195F84C50FFF71CFF0028EED185
:1026D000C7F30807E3073E4496F84C0045EA00209C
:1026E0004CBF0009C0F30B00E3E7B16B304601EBD0
:1026F0001421FFF707FF0028D9D1640004F4FF7408
:102700002644B6F84C00D4E7B16B304601EBD41147
:10271000FFF7F8FE0028CAD1A40006F14C0004F42B
:10272000FE742044FFF720FD20F07040C1E7D0E99F
:102730000430D57953EA000101D0916801B95DBB3D
:102740009168022DA4EB01010DD1013B728940F18A
:10275000FF305B0A43EAC053B3FBF2F399421BD844
:102760001CD0601CA5E7032D02D193698B42F8D8D9
:10277000D3699BB9B16B304601EBD411FFF7C2FEB0
:10278000002894D1A0004C3600F4FE703044FFF7CE
:10279000EBFC20F000408CE701208AE76FF000405E
:1027A00087E70000F8B5066804460D463378042B29
:1027B0000CBF4FF080524FF400128A4201D8022021
:1027C000F8BDCA06FBD182680163D2B9022B13D8C7
:1027D0003389B3EB551FF2D9F36BA363A36B626329
:1027E000002BECD003EB55234C36C5F30805002035
:1027F000A3633544E563E3E7F36BC271002BE7D0D5
:102800001A4677897F02BD42114604D23046FFF74F
:10281000C9FCA063E2E72046FFF72CFF431C0246F9
:1028200006D00128CBD9F36A8342C8D9ED1BEAE769
:102830000120C5E701292DE9F04706460C46174659
:1028400008D9C36A8B4205D90378022B62D003D81A
:10285000012B22D0022552E0033B012BFAD8816BD9
:1028600001EBD411FFF74EFE0546002847D1A40026
:1028700006F14C0304F4FE741C443378042B07D097
:10288000204627F07047FFF76FFC00F070400743C9
:1028900039462046FFF76EFC2FE001EB5108816BB3
:1028A00001EB5821FFF72EFE054640BB14F0010452
:1028B00006F14C0908F1010AC8F3080808BFFBB289
:1028C00030461FBF19F8083003F00F023B0103F038
:1028D000F00318BF134309F808300123B16BF370FC
:1028E00001EB5A21FFF70EFE054640B9CAF3080A6C
:1028F00044B1C7F3071709F80A700123F37028469B
:10290000BDE8F08719F80A30C7F3032723F00F0357
:102910001F43F0E7816B01EB1421FFF7F3FD054640
:102920000028ECD1640006F14C0304F4FF741F5539
:102930001919C7F307274F70DFE70000F8B5044601
:102940000E461746E3690BB91846F8BD012BA6EBF6
:102950000305206814BFAA1C3A46691CFFF76AFFEA
:102960000028F2D1E369013BE361EBE701292DE99E
:10297000F84306460C461746056802D80220BDE813
:10298000F883EB6A8B42F9D97AB9A14621463046E1
:10299000A046FFF76FFE0446B0B92B78042B02D196
:1029A000002F43D1F7710020E9E72B78042B02D1E7
:1029B000C379022BE9D04FF0FF3239462846FFF7A2
:1029C00039FF0028E1D0DAE70128D7D0421C01D135
:1029D0000120D4E72B78042B19D1EA6AAB69023ABB
:1029E00093421CD308F10102A2420CD02B78042B95
:1029F00008D10023A2EB090249462846FFF7FEFD55
:102A00000028BCD1A146EB6AA342BFD8C5E700228B
:102A100041462846FFF70EFF0028DED0AFE701331E
:102A2000AB612B7943F001032B71DBE7F3798BB9B1
:102A3000B468BC4202D10223F371B4E721463046A8
:102A4000FFF718FE012899D9431CC1D001348442F4
:102A5000EFD0A8E7032BA6D1B368BB42A3D8B269D5
:102A60001344BB429FD3E6E770B5C3790446032BFA
:102A700006D181688369CD18A94203D10023E3718F
:102A8000002070BD4E1C20683246FFF7D3FE0028A0
:102A9000F7D13146F0E700002DE9F74305460191F3
:102AA000FFF70AFD0446002849D105F14C090199B8
:102AB00028464FF40072FFF775FB2146A8640746CD
:102AC0004846FFF737F96C896402B4F5004F28BF18
:102AD0004FF40044B4F5007F2FD9204604F09AFC4F
:102AE000804630B122460021640A0026FFF722F911
:102AF00009E06408EEE72346BA194146687804F015
:102B000013F818B926446B899E42F4D3404604F06A
:102B100091FC6889801B18BF012003B0BDE8F083D9
:102B200001366B899E42F4D20123BA19494668786E
:102B300003F0FAFF0028F3D0EBE70026F1E70120CD
:102B4000EBE70000F8B50446FFF7B6FC05460028A1
:102B500042D12378032B37D12779012F34D104F1C7
:102B60004C0601464FF400723046FFF7E3F8552358
:102B70004122722184F84A32AA2304F50D7084F8A8
:102B80004F2084F84B32522384F8301284F84C30B2
:102B900084F84D30612384F8311284F84E3084F883
:102BA0003332A16984F83222FFF7E4FA616904F54F
:102BB0000E70FFF7DFFA626B3B46314601326078F8
:102BC000A26403F0B1FF257100226078114603F082
:102BD000CFFF003818BF0120F8BD000000232DE909
:102BE000F0430B6085B00F461546FFF71BFB061E32
:102BF000C0F2B281804B53F82640002C00F0AE8129
:102C00003C6005F0FE0523786BB1607803F066FF49
:102C1000C70708D41DB110F0040500D00A252846C6
:102C200005B0BDE8F0830023F0B22370607003F0BC
:102C300041FFC10700F194810DB14207EED400219C
:102C40002046FFF779FC022840F099806E4604F296
:102C5000122304F25221324618461033FFF784FA49
:102C600042F8040B8B42F7D1002556F8041B0029CB
:102C70007DD02046FFF760FC012879D80128A26C9E
:102C800040F0C08004F1570304F18C0113F8015B9C
:102C9000002D7BD18B42F9D1B4F8B430B3F5807FED
:102CA00074D194F8B830092B70D104F19400FFF777
:102CB0005DFA4FF0FF33171841F10001BB4275EB8D
:102CC000010363D304F1A000FFF74EFA94F8BA3081
:102CD0002063012BA37059D194F8B99003FA09F934
:102CE0001FFA89F36381002B50D0444B04F1A800F4
:102CF000FFF73AFA0646984248D8831C626304F10B
:102D0000A400E362FFF730FA00EB020804F19C0034
:102D1000C4F84080FFF728FA10441FFA89F2A06334
:102D200006FB02F313EB080345EB05029F4271EB30
:102D300002032BD32E4604F1AC00FFF715FAE06333
:102D400065B96389B34221D9E16B2046FFF72AFABE
:102D500081192046FFF7D6FB98B90136631993F81D
:102D60004C30812B14D02035C5F30805E8E703204B
:102D70000135042D7FF479AF042807D101E0042840
:102D800001D101254BE701287FF678AF0D2546E7F5
:102D900005F1140004F14C063044FFF7E5F9012871
:102DA0000546F3D9E36A8342F0D96189821E236C18
:102DB00002FB01336364A16B204601EBD511FFF7E1
:102DC000A1FB0028DDD105F07F0006EB8000FFF7B6
:102DD000CBF9431C03D00135A842ECD0D6E704253B
:102DE000C4E90500064A257000251388E561013312
:102DF0009BB21380E38012E73C360020FDFFFF7F8B
:102E000040360020B4F85730B3F5007FBED1B4F897
:102E1000626026B904F17000FFF7A6F9064694F83F
:102E20005C302663591EA3700129AFD894F859501D
:102E30006581002DAAD0691E2942A7D1B4F85D8012
:102E400018F00F0FA4F80880A0D1B4F85F0018B9EB
:102E500004F16C00FFF788F9B4F85A10002995D0F6
:102E600006FB03FE01EB181CF44460458ED3A0EB77
:102E70000C00A842B0FBF5F388D33E48834285D8C6
:102E80004FF6F57083426DD903259F1C114402EB68
:102E90000C03032DE7626263A16323644CD1B4F891
:102EA000763053EA08037FF471AFBB0004F1780079
:102EB000FFF75AF9E06303F2FF13B6EB532FFFF469
:102EC00065AF4FF0FF33032DC4E905334FF08003A6
:102ED000237187D1B4F87C30012B83D1511C20465B
:102EE000FFF710FB00287FF47DAFB4F84A224AF6C2
:102EF000552320719A427FF475AF1F4B04F14C00AB
:102F0000FFF732F998427FF46DAF03F1FF5304F5F8
:102F10000C70FFF729F903F50053203398427FF432
:102F200061AF04F50D70FFF71FF9A06104F50E7095
:102F3000FFF71AF9606155E7B8F1000F3FF426AFCB
:102F40007144022D4FEA4703E1631EBFD91907F010
:102F5000010303EB5103AEE70B2560E60C255EE6AB
:102F600003255CE640F6F575AB428CBF02250125D2
:102F70008BE700BFF5FFFF0F525261412DE9F84F7B
:102F800007460568884649B96E69C6B1EB6AB3421F
:102F900098BF0126AB69A3B9002405E0FFF76AFBDF
:102FA0000128044603D801242046BDE8F88F421CBE
:102FB00000F0D280EB6A8342F6D84646EAE7012663
:102FC000E8E72A78EB6A042A40F08380A6F1020A37
:102FD000023B4FF0010B9A4528BF4FF0000AD14643
:102FE000696C284601EB1931FFF78CFA00283BD1B8
:102FF00009F00703EA6AC9F3C8010BFA03F3901E4C
:10300000DBB26A184C4609F1010992F84C2081455F
:1030100002EA030233BF5B0000234FF40071DBB20E
:1030200028BF9946B2B90234631E0333BCD80123CA
:10303000214628461A46FFF7E1FA0228B3D00128B4
:1030400000F08A80B8F1000F13D10223FB71002831
:10305000A9D130E0CA450AD0002BD2D10131B1F557
:10306000007FBDD20123CCE74FF0FF34DCE7002422
:10307000DAE7FB79022B07D1731CA342E7D0BB68C8
:10308000F31ABB610323FB7108F10102FB69A24241
:1030900005D113B10133FB61D9E70223FBE70BB97B
:1030A0000123FB61224641463846FFF747FC0028D2
:1030B0004FD10123FB61EA6AAB69023A6C6193422A
:1030C0009CBF03F1FF33AB612B7943F001032B71FC
:1030D0006AE7464514D1741C3846A34298BF0224BF
:1030E0002146FFF7C7FA01283FF45DAF431C33D0F8
:1030F000E0B16B69012B03D9EA6A934238BF1E46DF
:1031000034460134EB6AA34203D8012E7FF644AF64
:10311000022421463846FFF7ADFA48B101283FF4B2
:1031200042AF013018D0B442EBD135E7002CE7D0E4
:103130004FF0FF3221462846FFF77CFB48B9B8F133
:10314000000FB8D0224641462846FFF773FB0028FF
:10315000B1D001287FF427AF4FF0FF3424E70000FF
:103160002DE9F84306680446076B89463378203713
:10317000042B0CBF4FF080534FF40013BB429CBF95
:1031800000238363836B73B1C7F30808B8F1000FA2
:103190003CD10133416B836339B93389B3EB571F9A
:1031A00034D80023A36304200AE07389013B13EAA7
:1031B00057232BD1FFF75EFA0128054602D80220DB
:1031C000BDE8F883421C01D10120F9E7F36A83428C
:1031D00016D8B9F1000FE4D0616B2046FFF7CEFEA0
:1031E0000546C8B10128EAD0431CEDD0014630465F
:1031F000FFF752FC0028E7D1E37943F00403E371C1
:10320000294630466563FEF7CDFFA0634C360020AB
:1032100027634644E663D3E70720D1E7F8B50E46B7
:10322000002104460768FFF7BDFA98B90546A16B6F
:103230003846FFF767F968B93A78E36B042A1B78D8
:103240000CD11B060ED5054601212046FFF788FF4D
:103250000028ECD0042808BF072006E0E52B01D0A9
:10326000002BF0D10135B542EED1F8BDC16C4B1C3D
:103270002DE9F04104460568066B1FD1E5274FF0A4
:103280000108A16B2846FFF73DF998B92A78E36B4E
:10329000042A09BF1A781F7002F07F021A7085F89D
:1032A0000380236BB3420DD200212046FFF758FF65
:1032B0000028E6D0042808BF022003E0FFF772FAD6
:1032C0000028DBD0BDE8F0812DE9F041054600681B
:1032D000A96B0669FFF716F9044620B9EB6B1A785B
:1032E000852A03D002242046BDE8F081324603F14E
:1032F000200153F8040B8B4242F8040BF9D1777884
:1033000001377F01A7F16003B3F5007FEAD8002100
:103310002846FFF725FF04280446E3D00028E2D121
:10332000A96B2868FFF7EEF804460028DBD1EB6BA9
:103330001A78C02AD6D106F1200203F1200153F8F1
:10334000040B8B4242F8040BF9D196F823300F227C
:103350002C33B3FBF2F3B7EB431FC3D34FF040085A
:1033600000212846FFF7FCFE04280446BAD00028B6
:10337000B9D1A96B2868FFF7C5F804460028B2D177
:10338000EB6B1A78C12AADD1B8F5187F09D206EBDC
:10339000080203F1200153F8040B8B4242F8040B9E
:1033A000F9D108F120084745DAD8B8F5187F9AD83E
:1033B0003046FEF71FFF7388834294D092E70000E7
:1033C0000B68002210B5036004460B6A83604B6AE9
:1033D000C261C37123F0FF03896AC0E90432C1648A
:1033E000FFF7E0F920B92046BDE81040FFF76CBFB9
:1033F00010BD0000F8B50368054601271C6920468A
:10340000FEF7F8FEA070000A6678E0702846E96CC6
:10341000FFF7C8F920B1022828BF0220C0B2F8BDCA
:10342000A96B2868FFF76EF80028F4D1EB6B04F164
:10343000200254F8041B944243F8041BF9D12B6872
:10344000DF70002EE7D000212846013EFFF788FEFE
:10345000E0E700002DE9F8434FF0FF080646076853
:10346000042445464FF6FF79B16B11B9002C73D097
:1034700063E03846FFF746F8044600285DD1F06B5C
:103480000378002B6ED03A78042A11D1852B4DD1C8
:10349000336B3046F364FFF717FF044600284CD126
:1034A0003B691B7903F03F03B3712046BDE8F88305
:1034B000C27AE52B02F03F02B27143D02E2B41D0ED
:1034C00022F0200108293DD00F2A40D1590637D5D6
:1034D00003F0BF05336B90F80D80F364437B4345E5
:1034E00030D1428B72BB03780D21FC6823F040037E
:1034F000DFF874E0013B4B4301211EF801CB30F8AB
:103500000CC009B3FF2B1DD824F813C0614601334A
:1035100001320D2AF1D10278520605D521B1FF2BD7
:1035200010D8002224F81320013DEDB200213046CE
:10353000FFF716FE0446002896D00023B363B4E7D5
:10354000AB42CBD0FF25F1E7CC45E1D0FAE72DB96E
:10355000FEF740FE404501D10024A6E74FF0FF33BF
:10356000F364A2E70424E8E78C9300082DE9F04F08
:10357000002187B00446D0F80090FFF713F9804689
:1035800070B999F80030042B33D1D9F80C00FEF74C
:1035900079FF07462046FFF75DFF054620B18046CC
:1035A000404607B0BDE8F08FD9F810309A8CBA4287
:1035B000F0D193F823B040265D4506D1D9F80C3000
:1035C00033F81530002BE5D1EAE7F106D9F81030D1
:1035D00008BF0236985B01F04DF8D9F80C308246EE
:1035E00033F8150001F046F88245D3D10236013593
:1035F000E2E74FF0FF0A4FF0FF3B5546C4F84CB0EE
:10360000A16B4846FEF77EFF00285CD1E66B377859
:10361000002F77D0F27AE52F02F03F03A37103D099
:10362000120704D50F2B04D0C4F84CB04FE00F2B79
:1036300054D194F84B3058063FD4790645D5236BC6
:1036400007F0BF0796F80DA0E364737B53453ED1A6
:10365000738B002B3BD135780121D9F80C3005F064
:103660003F0501930D23013D5D43284B13F8012BCA
:10367000B25A71B3FF2D059329D81046049200F079
:10368000F9FF6B1C03900293019B33F8150000F0C7
:10369000F1FF039981421AD1049A029D1146059BBC
:1036A0001B4A9342E2D133785A0604D519B1019BE3
:1036B00033F815305BB97D1EEDB200212046FFF7CF
:1036C0004FFD00289CD080466AE7BD42BDD0FF2553
:1036D000F3E74FF6FF708242E2D0F8E72DB93046AB
:1036E000FEF778FD50453FF45BAF94F84B30DB07B5
:1036F0009AD40B2204F14001304605F00DFD00285C
:1037000092D14DE74FF004084AE700BF8C930008C0
:10371000999300082DE9F04F90F84BB099B004460A
:103720001BF0A00540F068810668F26832F8153099
:10373000002B4AD13378042B40F087800F230E35BD
:103740002046B5FBF3F5A91CFFF768FD814600286C
:1037500077D1236B0135A3EB4515E3795A07E5646F
:1037600035D523F004032046E371FFF77DF950BB04
:103770004FF0FF32616B2046FFF7E0F818BBA368FB
:103780002BB3214604A8FFF71BFEE0B970894FF464
:103790000071D4E90423E0FB01233069C4E9042368
:1037A0003830FEF7EFFC3069D4E904232830FEF707
:1037B000E9FCE379326904A843F0010382F821307F
:1037C000FFF718FE18B181463BE00135AEE7D6E9B8
:1037D0000354402200212046FEF7ACFA8523012144
:1037E00040222370C0234FF0C10C04EB010884F881
:1037F000203000231E469E46571C04F802C0F0B23B
:10380000023204F807E021B135F8131009B1013391
:10381000DBB20F0AA15408F802700232D706F2D1C7
:1038200035F813700136002FE6D184F82330831C5D
:1038300028466370FEF726FE84F82400000A84F808
:103840002500484619B0BDE8F08F04F140070DF19E
:10385000100A1BF0010F97E807008AE8070000F044
:10386000D38040234FF0010884F84B30BC46F36806
:10387000B8F1050F9AE80700ACE803002CF8022B1A
:103880004FEA12428CF8002059D9981E424630F86F
:10389000021F002942D10DF10F0C072102F00F0E7B
:1038A000914612090EF13000392888BF0EF1370019
:1038B00001390CF8010902D0B9F10F0FEED818AB9D
:1038C0007E205A1802F8580C38460022914206D041
:1038D00010F801CB02F1010EBCF1200F31D104F13F
:1038E0003F0C072902F1010297BF18AB202058189E
:1038F000013198BF10F8580C072A0CF80200F0D9D3
:103900002046FFF733FE8146002878D108F10108F0
:10391000B8F1640FAAD14FF0070992E74FF0100CED
:1039200001F0010E49080EEB4202D30344BF82F4BA
:10393000883282F02102BCF1010CF1D1A7E74246A6
:10394000A9E77246C2E7216B2046A1EB4511FEF7BD
:1039500029FF814600287FF474AF4FF6FF78384680
:10396000FEF738FC0190A16B3046FEF7CBFD814697
:1039700000287FF466AFE36BE9B2019A4FF00D0CBB
:10398000D6F80CE05A734FF00F02DFF8E0A0DA72BD
:103990004A1E18730CFB02F284469876D87640458E
:1039A0001AF8019B0CF1010C18BF3EF8120003EB52
:1039B000090B18BF013203F809004FEA102900284B
:1039C00008BF4046BCF10D0F8BF80190E7D1404590
:1039D00002D03EF812200AB941F0400119700123CB
:1039E00000212046F370FFF7BBFB814600287FF4DF
:1039F00028AF013DB7D11BE04FF0060921E70428AD
:103A00007FF41FAF84F84BB01BF0020F20461BBFA2
:103A10000C350D210125B5FBF1F518BF01352946FF
:103A2000FFF7FCFB814600287FF40BAF013D8AD1F4
:103A3000A16B3046FEF766FD814600287FF401AF9A
:103A400001462022E06BFEF775F9E36B03CF1860A7
:103A50005960BA7839889A72198194F84B30E26BC0
:103A600003F0180313730123F370EAE68C93000844
:103A700010B504460A463430FEF776FB886004F140
:103A80003800FEF773FBC2E9040194F8213003F01B
:103A90000203D3710023D36110BD000003284B8BB8
:103AA00004BF8A8A43EA0243184670472DE9F04F63
:103AB0000B7899B0044689462F2BD0F800B001D07E
:103AC0005C2B09D14A461378914601322F2BFAD04C
:103AD0005C2BF8D0002301E0DBF81C30A36000234E
:103AE000E3619BF80030042B1ED1A368E3B1DBF83F
:103AF0002030214604A82362DBF824306362DBF81F
:103B00002830A362FFF75CFC0346002854D1DBF8A1
:103B1000102002F13800FEF727FBC4E9040392F8F5
:103B2000213003F00203E37199F800301F2B00F2FB
:103B3000358180230021204684F84B3019B0BDE840
:103B4000F04FFEF72FBE49460B78894601312F2BE7
:103B5000FAD05C2BF8D01F2B8CBF00250425012F39
:103B60002FD113882E2B31D1002322F8173004F1E6
:103B700040029F428CBF2E21202101330B2B02F8E3
:103B8000011BF6D145F02005204684F84B50FFF785
:103B9000EDFC94F84B30002800F0E78004280BD1AE
:103BA000990603F0040240F1DC80002A00F0F68060
:103BB0008023002084F84B3019B0BDE8F08F042535
:103BC000CDE7022F02D153882E2BCAD0911E87BB7E
:103BD000002322F81730002F00F0118132F8130073
:103BE000194601332028F9D009B92E2801D145F012
:103BF0000305901E30F817302E2B01D0013FF9D16C
:103C00004FF020334FF0000A6364D0462364C4F8B9
:103C100047300823481C32F811600090F6B1202E7E
:103C200003D02E2E0DD1B84210D045F003050099D7
:103C3000F0E731F81730202B01D02E2BC8D1013FEF
:103C4000C5E79A4505D20099B9423BD10B2B30D13B
:103C500001E00B2B27D145F003050B2394F84020FE
:103C6000E52A04BF052284F84020082B04BF4FEA50
:103C700088085FFA88F808F00C030C2B03D008F0D2
:103C80000303032B01D145F00205A8073FF57CAFE4
:103C900018F0010F18BF45F0100518F0040F18BFF9
:103CA00045F0080570E70099B94202D045F00305D8
:103CB000D4D84FEA88080B234FF0080A00975FFA20
:103CC00088F8B4E77F2E15D9304640F25231CDE95D
:103CD000022345F00203019300F098FC10F0800FDE
:103CE0000646DDE9022316D000F07F0646498E5DC8
:103CF000019D46B331464548CDE9012305F036FA2A
:103D0000DDE90123F8B9A6F1410189B219291ED8CC
:103D100048F0020810E0FF28EAD9591E8A4503D36B
:103D200045F003059A4682E704EB0A01000A0AF10E
:103D3000010A019D81F8400004EB0A010AF1010A21
:103D400081F8406073E745F003055F26F4E7A6F1CC
:103D5000610189B219299EBF203E48F00108B6B220
:103D6000EAE7002A08BF052026E75A073FF524AFF7
:103D7000A379DB0645D59BF80000042835D1A3685C
:103D80002146E27923622369DBF8100023F0FF0368
:103D900013436362E36CA362FFF76AFE23680027A4
:103DA000DA6819F8010B00283FF409AF40F25231EC
:103DB000009200F04BFC054608B31F28009A7FF6DE
:103DC000FEAE2F283FF4BFAE5C283FF4BCAE7F2888
:103DD00005D801460E4805F0C9F9009A78B9FF2FB9
:103DE0000DD022F817500137DBE7216B0BF14C03A4
:103DF000C1F308011944FFF751FEA060CEE7062089
:103E0000DAE60520D8E600BF0C9300080593000809
:103E1000FC9200081FB5CDE9001003A814460391D9
:103E2000FEF700FA002815DB0B4A52F820300BB1E0
:103E300000211970019B0BB10021197042F820304C
:103E40002CB1002201A96846FEF7C8FE04462046B0
:103E500004B010BD0B24FAE73C3600202DE9F047F2
:103E600098B0904605460191002800F0528102F07A
:103E70003F0603A901A83246FEF7B0FE002840F035
:103E80004681039B4FF48C60049303F0C3FA07460A
:103E9000002800F04081039B00F500720199D86072
:103EA00004A81A61FFF702FE044620B99DF95B30B1
:103EB000002BB8BF062418F01C0F00F0CD80002C9A
:103EC0004CD0042C40D104A8FFF724FC0446002861
:103ED0003AD146F00806039B1A78042A40F0838002
:103EE000186929462B60FFF7C3FD039B1E220021A2
:103EF00018690230FDF71EFF039C00211A22206979
:103F00002630FDF717FF236920221A71246903F078
:103F1000BBFA0146012208342046FEF72BF9039B29
:103F200004A81B6983F82120FFF764FA044658B9F6
:103F3000A96801B302462846FEF718FDAB68039A4C
:103F40000446013B5361B4B1384603F073FA0CB137
:103F500000232B60204618B0BDE8F0879DF816308E
:103F600013F0110F40F0848018F0040F40F0C98066
:103F700018F0080FAFD1039A31071399936C48BF1B
:103F800046F04006E964AB641078042872D1069BC1
:103F90009DF817102B62089B106923F0FF030B4359
:103FA00029466B62179BAB62FFF762FDDDF80CA040
:103FB0000024002205F15008BAF806302146404698
:103FC000C5F800A0AB80002385F8306085F831404B
:103FD0006C64C5E90E234FF40072FDF7ABFEB20628
:103FE00053D40024B0E703F04FFA01460090139831
:103FF0000E30FEF7BFF8139800991630FEF7BAF8A6
:10400000039C13992078FFF749FD20230022804666
:10401000CB7220461399FEF7D1F8139B00220121A1
:104020001A775A779A77DA77039BD970B8F1000F2D
:10403000A1D0414604A8D3F84890FEF797FC044667
:10404000002881D149460398FEF75CFA039B044699
:1040500008F1FF30586176E7002C7FF475AF9DF8CA
:104060001630DC064FD418F0020F84D0D80782D562
:10407000072469E7FFF712FD0023A86001F11C0087
:10408000FEF772F86B61286190E7D5E9046956EA9A
:104090000903A6D0BAF80AA0A9684FEA4A2AC5E9D6
:1040A0000E69B24574EB09031BD300242964002C6C
:1040B0007FF44AAFC6F30803002B92D0039C20463E
:1040C000FEF770F808B3760A0123414646EAC9565E
:1040D00082196A64607802F003FD041E18BF01248F
:1040E00032E72846FEF7C6FAB6EB0A06014669F142
:1040F0000009012803D9431CD3D10124D6E70224A7
:10410000D4E7082420E704241EE702241CE7044621
:104110001EE709241EE711241CE700002DE9F04FDB
:10412000994685B00023884603A90446C9F80030A3
:104130001646FEF791F8054680BB94F831506DBBEA
:1041400094F8303013F00103009300F0A68004F1DE
:10415000500AD4E90432D4E90E011B1A62EB0102C1
:10416000B34272F1000238BF1E46BEB1D4E90E1050
:10417000C1F30803002B40F08280039B5A894B0A4D
:10418000013A43EAC0531A401BD151EA000309D156
:10419000A06801280DD8022584F83150284605B0C2
:1041A000BDE8F08F216C20460192FEF763FA019A78
:1041B000EFE7431C04D10123009D84F83130EDE783
:1041C0002064DDF80CB0216C5846FDF7EBFF0028A9
:1041D000E1D0B6F5007F02EB000731D3BBF80A103F
:1041E00002EB5620730A88429BF8010088BF8B1AA5
:1041F0003A464146019302F073FC0028DBD194F962
:104200003020019B002A0BDA606CC01B984207D259
:104210004FF40072514608EB4020FDF765FD019B0D
:104220005F02D9F80030F61BB8443B44C9F80030AF
:10423000D4E90E32DB1942F10002C4E90E3294E7F0
:10424000626CBA421AD094F93030002B0DDA012397
:1042500051469BF8010002F067FC0028ABD194F8AE
:10426000303003F07F0384F83030039801233A465E
:104270005146407802F034FC00289CD16764A16B61
:104280004046C1F30801C1F500775144B74228BF49
:1042900037463A46FDF728FDC3E707257EE70000CD
:1042A00070B596B00E460022019002A901A8FEF753
:1042B00095FC0446E0B94FF48C6003F0ABF805467A
:1042C000D8B1029B00F500720199D86002A81A616A
:1042D000FFF7ECFB044640B99DF95330002B0ADB95
:1042E0001EB1314602A8FDF7EDFF284603F0A2F803
:1042F000204616B070BD0624F7E71124F8E7000049
:1043000070B5B8B00222019003A901A8FEF766FCBF
:10431000044608BB039B4FF48C60109303F07AF8BB
:104320000546002866D0039B00F500720199D8600D
:1043300010A81A61FFF7BAFB044650B99DF88B30FC
:10434000980655D4190653D49DF84630DA0706D599
:104350000724284603F06EF8204638B070BD039B52
:1043600004931878042814D104A91869FFF780FB76
:10437000069E9DF84630DB0610D410A8FEF776FFA7
:1043800004460028E5D156BB0398FEF7DBFB044644
:10439000DFE71F99FFF782FB0646EAE7039BDA692E
:1043A000B242D5D024930021269624A81B78042B52
:1043B00001BFDDE90823CDE928239DF817308DF8EA
:1043C0009730FEF7EFF904460028C2D124A8FFF782
:1043D00041F804460028BBD00428BAD1CDE70246F4
:1043E000314604A8FEF7C2FA04460028B1D1CBE753
:1043F0000624AEE71124AFE7F0B5BDB0CDE900105B
:104400006846FDF70FFF022203A901A8FEF7E6FBAD
:104410000446002841D1039B4FF48C60149302F0B2
:10442000F9FF0546002800F0EE80039B00F50072BE
:1044300014AE0199D8601A613046FFF737FB044685
:1044400040BB9DF89B3013F0A00F40F0D880039B39
:10445000009F1A78042A68D11B6904AC03F1400C50
:104460001868083353F8041C2246634503C21446F7
:10447000F6D15022314628A8FDF736FC394628A847
:10448000FFF714FB044600284CD12A9A169B9A4247
:1044900006D00824284602F0CDFF20463DB0F0BDEE
:1044A000349A209B9A42F4D128A8FFF733F90446A6
:1044B0000028EFD1039B04AF1B6993F801E093F848
:1044C00023C09C8C3A46083303CAB24243F8080C16
:1044D00043F8041C1746F5D1039B28A81B6983F8F1
:1044E00001E0039B1A6982F823C01A6982F824400C
:1044F000240A82F825401A691379D9065CBF43F073
:1045000020031371FEF776FF04460028C2D130461F
:10451000FEF7ACFE04460028BCD10398FEF712FB60
:104520000446B7E70428B5D1BEE7239A04AB02F1ED
:10453000200C1068083252F8041C1C46624503C463
:104540002346F6D15022314628A8FDF7CDFB394647
:1045500028A8FFF7ABFA044600284CD12A9A169BEC
:104560009A4296D1349A209B9A4292D128A8FFF77A
:10457000D1F8044600288DD137990DF11D030DF1B6
:104580002D0001F10D0253F8044B834242F8044B15
:10459000F9D11888012710809B7893709DF81B3003
:1045A000039CDA0658BF43F02003CB72E770CB7A46
:1045B000DB06ACD5169A2A9B9A42A8D02078FFF742
:1045C0006DFA01462046FDF7EDFD0146C8B12046D3
:1045D000FDF798FF044600287FF45CAF039890F83D
:1045E0006D302E2B93D12A9A00F16C01FDF7E6FD78
:1045F000039BDF708BE704287FF44CAFB6E70624FB
:1046000048E7022446E7112447E700007F2810B559
:1046100001D880B210BDB0F5803F13D240F25233C2
:1046200099420FD10849002231F8024B93B28442DB
:1046300003D103F18000C0B2ECE70132802AF3D14C
:104640001346F6E70020E5E74C9600087F280DD9D1
:1046500040F25233994208D1FF2806D800F10040B9
:10466000034B803833F8100070470020704700BFBC
:104670004C960008B0F5803FF0B522D21F4A83B2B5
:104680001F49B0F5805F28BF0A46141D34F8042C7A
:104690002146AAB1934213D334F8025C2E0AEFB23A
:1046A00052FA85F5A84222DA082E09D8DFE806F08A
:1046B000050A10121416181A1C00801A34F810304B
:1046C0001846F0BD981A00F001001B1A9BB2F7E7DC
:1046D000103BFBE7203BF9E7303BF7E71A3BF5E7F8
:1046E0000833F3E7503BF1E7A3F5E353EEE7043477
:1046F000002ECBD101EB4702C7E700BF9C93000817
:104700009095000808B5074B074A196801F03D016C
:10471000996053680BB190689847BDE8084003F072
:10472000D7B800BF000002404436002008B5084B4F
:104730001968890901F03D018A019A60054AD36828
:104740000BB110699847BDE8084003F0C1B800BF3D
:10475000000002404436002008B5084B1968090CD7
:1047600001F03D010A049A60054A53690BB1906952
:104770009847BDE8084003F0ABB800BF0000024016
:104780004436002008B5084B1968890D01F03D0139
:104790008A059A60054AD3690BB1106A9847BDE84B
:1047A000084003F095B800BF0000024044360020E6
:1047B00008B5074B074A596801F03D01D960536AB3
:1047C0000BB1906A9847BDE8084003F081B800BF7C
:1047D000000002404436002008B5084B596889099A
:1047E00001F03D018A01DA60054AD36A0BB1106B12
:1047F0009847BDE8084003F06BB800BF00000240D6
:104800004436002008B5084B5968090C01F03D01F9
:104810000A04DA60054A536B0BB1906B9847BDE808
:10482000084003F055B800BF0000024044360020A5
:1048300008B5084B5968890D01F03D018A05DA6019
:10484000054AD36B0BB1106C9847BDE8084003F0E4
:104850003FB800BF000002404436002008B5074BB7
:10486000074A196801F03D019960536C0BB1906CD7
:104870009847BDE8084003F02BB800BF0004024091
:104880004436002008B5084B1968890901F03D013C
:104890008A019A60054AD36C0BB1106D9847BDE848
:1048A000084003F015B800BF000402404436002061
:1048B00008B5084B1968090C01F03D010A049A601B
:1048C000054A536D0BB1906D9847BDE8084002F062
:1048D000FFBF00BF000402404436002008B5084B6B
:1048E0001968890D01F03D018A059A60054AD36D6A
:1048F0000BB1106E9847BDE8084002F0E9BF00BF59
:10490000000402404436002008B5074B074A5968A6
:1049100001F03D01D960536E0BB1906E9847BDE830
:10492000084002F0D5BF00BF00040240443600201A
:1049300008B5084B5968890901F03D018A01DA6020
:10494000054AD36E0BB1106F9847BDE8084002F0DE
:10495000BFBF00BF000402404436002008B5084B2A
:104960005968090C01F03D010A04DA60054A536FE9
:104970000BB1906F9847BDE8084002F0A9BF00BF97
:10498000000402404436002008B5084B5968890DE0
:1049900001F03D018A05DA60054AD36F13B1D2F800
:1049A00080009847BDE8084002F092BF0004024032
:1049B0004436002000230C4910B51A460B4C0B60FE
:1049C00054F82300026001EB430004334260402BA3
:1049D000F6D1074A4FF0FF339360D360C2F8083432
:1049E000C2F80C3410BD00BF443600204C970008BC
:1049F000000002400F28F8B510D9102810D0112857
:104A000011D0122808D10F240720DFF8C8E00126B2
:104A1000DEF80050A04208D9002653E00446F4E72F
:104A20000F240020F1E70724FBE706FA00F73D42D8
:104A30004AD1264C4FEA001C3D4304EB00160EEB16
:104A4000C000CEF80050C0E90123FBB273B120488A
:104A5000D0F8D83043F00103C0F8D830D0F8003196
:104A600043F00103C0F80031D0F8003117F47F4F54
:104A70000ED01748D0F8D83043F00203C0F8D83031
:104A8000D0F8003143F00203C0F80031D0F8003113
:104A900054F80C00036823F01F030360056815F049
:104AA0000105FBD104EB0C033D2493F80CC05F68B7
:104AB00004FA0CF43C6021240560446112B1987B37
:104AC00000F0D8FC3046F8BD0130A3E74C97000851
:104AD000004402584436002010B5302484F3118875
:104AE000FFF788FF002383F3118810BD10B504463B
:104AF000807B00F0D5FC01231549627B03FA02F2AA
:104B00000B6823EA0203DAB20B6072B9114AD2F8D9
:104B1000D81021F00101C2F8D810D2F8001121F00C
:104B20000101C2F80011D2F8002113F47F4F0ED119
:104B3000084BD3F8D82022F00202C3F8D820D3F8CB
:104B4000002122F00202C3F80021D3F8003110BD89
:104B5000443600200044025808B5302383F31188FE
:104B6000FFF7C4FF002383F3118808BD836CC26A7A
:104B70008B42506810B506D95A1E4C0002EB410317
:104B8000B3FBF4F3184410BD01F001038A0748BFDA
:104B900043F002034A0748BF43F008030A0748BF2F
:104BA00043F00403CA0648BF43F010038A06426B71
:104BB00048BF43F0200313434363704710B5074CCD
:104BC000204600F0D9FF064B0022C4E91023054B14
:104BD000A364054BE363054BE36410BDC8360020B6
:104BE0000024024800B4C4041C3700201C390020F3
:104BF000C36A0BB9104BC3620379012B11D10F4B60
:104C000098420ED10E4BD3F8DC2042F40072C3F868
:104C1000DC20D3F8042142F40072C3F80421D3F855
:104C20000431436C00221A65DA621A605A605A62D3
:104C30004FF0FF329A6370474C980008C836002046
:104C4000004402580379012B29D0436C00221A65D5
:104C5000DA621A605A605A624FF0FF329A63104B60
:104C600098421CD10F4BD3F8842042F40072C3F851
:104C70008420D3F8842022F40072C3F88420D3F86F
:104C80008420D3F8DC2022F40072C3F8DC20D3F8AF
:104C9000042122F40072C3F80421D3F804317047D0
:104CA000C83600200044025810B5446C0649FFF78E
:104CB0005DFF6060236842F2107043F003032360DD
:104CC000BDE8104001F06EBD801A06000129F8B55C
:104CD000466C0B4F09D175680A493D40FFF746FF06
:104CE000054345F480557560F8BD746806493C403D
:104CF000FFF73CFF044344F480547460F4E700BFC2
:104D000000ECFFFF80F0FA0240787D01436C002246
:104D10005A601A6070470000426C0129536823F4FE
:104D2000404304D0022905D001B95360704743F4D1
:104D30008043FAE743F40043F7E70000436C41F493
:104D400080519A60D9605A6B1206FCD580229A6312
:104D50007047000010B541F48851446CA260E160D6
:104D6000616B11F04502FBD0A26311F0040203D085
:104D7000FFF70AFF012010BD616910461960FAE7CC
:104D800010B541F48851446CA260E160616B11F090
:104D90004502FBD0A26311F0050203D0FFF7F4FE39
:104DA000012010BD616910461960FAE773B513461A
:104DB00004460E46302282F31188426CD26B32B127
:104DC0004FF0FF314030019301F0F8FC019B606C23
:104DD00000220265C263C262456B15F4807504D17E
:104DE00085F31188012002B070BD4FF0FF3181635F
:104DF00082F31188012E06D90C21204602B0BDE8AD
:104E00007040FFF7BDBF1046EDE7000073B5446C7E
:104E10000E4600250192616BA1632565E562FFF7EF
:104E2000B3FE012E07D9019B2A460C2102B0BDE832
:104E30007040FFF7A5BF02B070BD000010B541F48F
:104E40009851446CA260E160616B11F04502FBD0A7
:104E5000A26311F03F0203D0FFF796FE012010BDC0
:104E6000216A10461960E1695960A1699960616918
:104E7000D960F4E72DE9F74304460191006D01A9DB
:104E80001746984602F03EFC064600284AD0626C5F
:104E90002046DDF804905568C5F3090501356B001F
:104EA000A56CB5FBF3F54FF47A73B5FBF3F55D43F1
:104EB000556200F027FE50BB636C4FF0FF320125B6
:104EC0004146C3F8589020461D659A634FF4957289
:104ED000DA6342F207029F62DA62E36C0A9AFFF732
:104EE0004FFFA0B9E26C104B11680B407BB929460B
:104EF0002046FFF75BFF054648B92E463A46019922
:104F0000206D02F037FC304603B0BDE8F083E26C60
:104F100020460121FFF77AFF3A460199206D02F001
:104F200029FCF0E70126EEE708E0FFFD2DE9F74355
:104F30001F46436C01924FF47A725D6804468846BE
:104F4000C5F3090501356E00856CB5FBF6F5B5FBBB
:104F5000F2F555435D6200F0D5FD20B101252846EC
:104F600003B0BDE8F0837E0201A9206D324602F055
:104F7000C9FB05460028F1D0636C019AD4F84C9027
:104F80009A6501221A654FF0FF329A634FF49572C9
:104F9000DA639E62236BDB064B4658BF4FEA482814
:104FA000012F42461BD912212046FFF7E9FEC0B966
:104FB000D9F80020104B13409BB9636C42F2930266
:104FC00039462046DA62E26CFFF7F0FE804640B9CF
:104FD00032460199206D454602F0CCFBBFE7112116
:104FE000E2E7E26C39462046FFF710FF32460199AE
:104FF000206D02F0BFFBB2E708E0FFFD2DE9F341B1
:105000001F46436C01924FF47A725D6804468846ED
:10501000C5F3090501356E00856CB5FBF6F5B5FBEA
:10502000F2F555435D6200F06DFD20B10125284683
:1050300002B0BDE8F0817E0201A9206D324602F087
:10504000B1FB05460028F1D0636C019A9A650122F4
:105050001A654FF0FF329A634FF48D72DA639E62E5
:10506000236BE66CDB06334658BF4FEA4828012F16
:10507000424619D919212046FFF782FEB0B932689D
:105080000F4B134093B9636C42F2910239462046AC
:10509000DA62E26CFFF78AFE064638B901993546B6
:1050A000206D02F0BBFBC2E71821E4E73946204639
:1050B000E26CFFF7ABFE0199206D02F0AFFBB6E7A3
:1050C00008E0FFFD12F0030F2DE9F04107460C4602
:1050D00015461E4617D00E44B44202D10020BDE84A
:1050E000F0810123FA6B21463846FFF71FFF0028A5
:1050F000F5D128464FF40072F96B05F500750134BF
:10510000FCF7F2FDE8E7BDE8F041FFF70FBF000054
:1051100012F0030F2DE9F04107460C4615461E46D6
:1051200017D00E44B44202D10020BDE8F0812946D8
:105130004FF40072F86B05F50075FCF7D5FD0123FF
:10514000FA6B21463846FFF759FF0028EDD10134AC
:10515000E8E7BDE8F041FFF751BF000000207047CD
:10516000302310B583F311880024436C403021466E
:10517000DC6301F031FB84F3118810BD02684368E1
:105180001143016003B1184770470000024A1368D9
:1051900043F0C0031360704700480040024A1368A0
:1051A00043F0C0031360704700500040024A136888
:1051B00043F0C0031360704700780040064BD3F8FB
:1051C000E8200243C3F8E820D3F810211043C3F8C5
:1051D0001001D3F8103170470044025837B5274CFE
:1051E000274D204600F028FD04F114000094002310
:1051F0004FF40072234900F0C3F94FF400722249C2
:1052000004F138000094214B00F03CFA204BC4E933
:105210001735204C204600F00FFD04F114000094D7
:1052200000234FF400721C4900F0AAF94FF40072F9
:105230001A4904F138000094194B00F023FA194B75
:10524000C4E91735184C204600F0F6FC04F11400B0
:1052500000234FF400721549009400F091F9144BAB
:105260004FF40072134904F13800009400F00AFA78
:10527000114BC4E9173503B030BD00BF2039002001
:1052800000E1F505643A0020644000208D510008DB
:10529000004800408C390020643C0020644200201B
:1052A0009D51000800500040F8390020643E002065
:1052B000AD510008644400200078004038B5264D08
:1052C0000446037C002918BF0D46012B06D1234B51
:1052D000984230D14FF48020FFF770FF2A68236E88
:1052E000E16D03EB5203A566B3FBF2F36A681004A9
:1052F00042BF23F0070003F0070343EA4003CB60FB
:10530000AB6843F040034B60EB6843F001038B60F4
:1053100042F4967343F001030B604FF0FF330B62CE
:10532000510505D512F0102211D0B2F1805F10D0D6
:1053300084F8643038BD0A4B984205D0094B984236
:10534000CCD14FF08040C7E74FF48010C4E77F23F3
:10535000EEE73F23ECE700BF549800082039002017
:105360008C390020F83900202DE9F047C66D05463C
:105370003768F469210734621AD014F0080118BFA5
:105380004FF48071E20748BF41F02001A3074FF0BE
:10539000300348BF41F04001600748BF41F0800141
:1053A00083F31188281DFFF7E9FE002383F311889A
:1053B000E2050AD5302383F311884FF48061281D5C
:1053C000FFF7DCFE002383F311884FF030094FF024
:1053D000000A14F0200838D13B0616D54FF03009EA
:1053E00005F1380A200610D589F31188504600F0DF
:1053F0007DF9002836DA0821281DFFF7BFFE27F0C7
:1054000080033360002383F31188790614D5620684
:1054100012D5302383F31188D5E913239A4208D19A
:105420002B6C33B127F040071021281DFFF7A6FE93
:105430003760002383F31188E30618D5AA6E136939
:10544000ABB15069BDE8F047184789F31188736A1A
:10545000284695F86410194000F008FC8AF311887A
:10546000F469B6E7B06288F31188F469BAE7BDE879
:10547000F0870000090100F16043012203F5614358
:10548000C9B283F8001300F01F039A4043099B0040
:1054900003F1604303F56143C3F880211A6070474C
:1054A00000F01F0301229A40430900F160409B0075
:1054B00000F5614003F1604303F56143C3F88020C8
:1054C000C3F88021002380F800337047F8B51546F3
:1054D000826804460B46AA4200D28568A169266903
:1054E000761AB5420BD218462A46FCF7FDFBA36993
:1054F0002B44A3612846A3685B1BA360F8BD0CD9AD
:10550000AF1B18463246FCF7EFFB3A46E1683044E1
:10551000FCF7EAFBE3683B44EBE718462A46FCF756
:10552000E3FBE368E5E7000083689342F7B50446D0
:10553000154600D28568D4E90460361AB5420BD20C
:105540002A46FCF7D1FB63692B4463612846A368B4
:105550005B1BA36003B0F0BD0DD93246AF1B0191B8
:10556000FCF7C2FB01993A46E0683144FCF7BCFB0A
:10557000E3683B44E9E72A46FCF7B6FBE368E4E767
:1055800010B50A440024C361029B8460C1600261BB
:105590000362C0E90000C0E9051110BD08B5D0E9FB
:1055A0000532934201D1826882B9826801328260F9
:1055B0005A1C426119700021D0E904329A4224BF7A
:1055C000C368436101F022F9002008BD4FF0FF30AD
:1055D000FBE7000070B5302304460E4683F31188C4
:1055E000A568A5B1A368A269013BA360531CA36190
:1055F00015782269934224BFE368A361E3690BB184
:1056000020469847002383F31188284607E0314657
:10561000204601F0EBF80028E2DA85F3118870BD2E
:105620002DE9F74F04460E4617469846D0F81C90D1
:105630004FF0300A8AF311884FF0000B154665B120
:105640002A4631462046FFF741FF034660B94146EE
:10565000204601F0CBF80028F1D0002383F3118815
:10566000781B03B0BDE8F08FB9F1000F03D00190B3
:105670002046C847019B8BF31188ED1A1E448AF31C
:105680001188DCE7C160C361009B82600362C0E9EE
:1056900005111144C0E9000001617047F8B50446E6
:1056A0000D461646302383F31188A768A7B1A36877
:1056B000013BA36063695A1C62611D70D4E9043226
:1056C0009A4224BFE3686361E3690BB120469847BF
:1056D000002080F3118807E03146204601F086F86B
:1056E0000028E2DA87F31188F8BD0000D0E905232D
:1056F00010B59A4201D182687AB9826800210132DC
:1057000082605A1C82611C7803699A4224BFC36874
:10571000836101F07BF8204610BD4FF0FF30FBE7BE
:105720002DE9F74F04460E4617469846D0F81C90D0
:105730004FF0300A8AF311884FF0000B154665B11F
:105740002A4631462046FFF7EFFE034660B9414640
:10575000204601F04BF80028F1D0002383F3118894
:10576000781B03B0BDE8F08FB9F1000F03D00190B2
:105770002046C847019B8BF31188ED1A1E448AF31B
:105780001188DCE70379052B05BF836A002001201F
:105790004B6004BF4FF400730B60704770B55D1E23
:1057A000866A04460D44B54205D9436B43F0800335
:1057B0004363012070BD06250571FFF783FC0523B7
:1057C0002371F7E770B55D1E866A04460D44B54245
:1057D00005D9436B43F080034363012070BD072567
:1057E0000571FFF795FC05232371F7E738B50579B7
:1057F0000446052D05D108230371FFF7AFFC257181
:1058000038BD0120FCE700000323F0B5037185B02B
:105810000446FFF749FA002220461146FFF78EFAA8
:105820004FF4D57203AB08212046FFF7A9FA0246D0
:10583000B8B901232363039BC3F30323012B09D1CD
:1058400003AB37212046FFF79BFA18B9A44B039A04
:105850001340ABB120460125FFF758FA022323710C
:1058600037E103AB002237212046FFF789FA28B938
:105870009B4A039B1A40002A00F0A780022323635F
:10588000236B03F00F03022B40F0A9806425954E93
:1058900042F2107000F086FF03AB32460121204631
:1058A000FFF758FA0028D5D1039B002B80F2938094
:1058B0005A0003D5236B43F010032363002204F145
:1058C000080302212046FFF7B9FA02460028C1D199
:1058D00004F1380303212046FFF752FA0028B9D11A
:1058E00004F11805A26B092120462B46FFF7A6FA02
:1058F0000028AFD102ABA26B07212046FFF740FA88
:1059000006460028A6D1236B03F00F03022B40F0BC
:105910008F807E227F21284603F052F9012840F231
:105920008780E76B42F2107000F03CFF08234FF4D1
:105930000072394620460096FFF79CFA002889D16C
:10594000384603F08BF9236BA06203F00F03022BA0
:1059500072D103AB644A06212046FFF711FA0028F2
:1059600071D15F49039B1940B1FA81F14909204681
:10597000FFF7ACF902AB4FF4007210212046FFF79D
:10598000FFF9054600287FF465AF554E029B334270
:105990007FF460AF236B13F00E0F03F00F0273D090
:1059A000022A7FF457AFE36A1978012900F0948046
:1059B000022900F09380002900F089804B4F204697
:1059C000FFF7AAF903AB3A4676E011462046226378
:1059D000FFF7B4F954E7013D7FF45AAF3AE7444D7D
:1059E0006426444A3E4F012B18BF154603AB0022E4
:1059F00037212046FFF7C4F900287FF42BAF039B23
:105A00003B427FF427AF03AB2A4629212046FFF70C
:105A1000A1F900287FF41EAF039B002BFFF648AFCF
:105A2000013E3FF417AF42F2107000F0BBFEDDE71D
:105A3000284603F0E7F886E77E227F212846E66BBA
:105A400003F0BEF808B9002191E700234022314657
:105A5000204600930623FFF70DFA0028F3D1B389FF
:105A60005BBA9B07EFD5244B40223146204600937A
:105A70000623FFF7FFF90028E5D1317C01F00F0183
:105A80000F3918BF012172E7E36A1978F9B10129CA
:105A90007FF4E0AE2046FFF73FF903ABA26B37215E
:105AA0002046FFF76DF900287FF4D4AE039B334204
:105AB0007FF4D0AE03AB022206212046FFF760F947
:105AC00000287FF4C7AE039B33427FF4C3AE0523A7
:105AD0002371284605B0F0BD084F70E7084F6EE708
:105AE00008E0FFFD0080FFC00001B9030000B7031C
:105AF0000080FF5000001080F1FFFF800001B7031D
:105B00000002B70337B504460C4D01ABA26B0D2163
:105B10002046FFF735F978B9019B2B420BD1C3F32F
:105B20004323042B08D0053B022B04D84FF47A7092
:105B300000F038FEE9E7012003B030BD08E0FFFDCA
:105B400070B53023054683F3118803790024022BB6
:105B500003D184F31188204670BD0423037184F3BC
:105B600011880226FFF7CEFF04462846FFF7CEF83D
:105B70002E71F0E7FFF722B8044B03600123037195
:105B800000234363C0E90A33704700BF6C980008E4
:105B900010B53023044683F31188C162FFF728F85B
:105BA00002230020237180F3118810BD10B530232B
:105BB000044683F31188FFF745F800230122E362CE
:105BC000227183F3118810BD02684368114301609C
:105BD00003B11847704700001430FFF721BD0000E3
:105BE0004FF0FF331430FFF71BBD00003830FFF7D4
:105BF00097BD00004FF0FF333830FFF791BD000034
:105C00001430FFF7E7BC00004FF0FF311430FFF70E
:105C1000E1BC00003830FFF741BD00004FF0FF321B
:105C20003830FFF73BBD0000012914BF6FF01300AF
:105C300000207047FFF7D2BA044B03600023436093
:105C4000C0E9023301230374704700BF9098000835
:105C500010B53023044683F31188FFF72FFB02238E
:105C60000020237480F3118810BD000038B5C3698B
:105C700004460D461BB904210844FFF7A5FF294639
:105C800004F11400FFF78AFC002806DA201D4FF407
:105C90000061BDE83840FFF797BF38BD0268436830
:105CA0001143016003B118477047000013B5406B02
:105CB00000F58054D4F8A4381A681178042914D156
:105CC000017C022911D11979012312898B401342D9
:105CD0000BD101A94C3002F0A1FED4F8A448024631
:105CE000019B2179206800F0DFF902B010BD0000AF
:105CF000143002F023BE00004FF0FF33143002F0E6
:105D00001DBE00004C3002F0F5BE00004FF0FF3326
:105D10004C3002F0EFBE0000143002F0F1BD000084
:105D20004FF0FF31143002F0EBBD00004C3002F0B8
:105D3000C1BE00004FF0FF324C3002F0BBBE00008D
:105D40000020704710B500F58054D4F8A4381A68C4
:105D50001178042917D1017C022914D15979012322
:105D600052898B4013420ED1143002F083FD02465B
:105D700048B1D4F8A4484FF4407361792068BDE875
:105D8000104000F07FB910BD406BFFF7DBBF000093
:105D9000704700007FB5124B0125042604460360BE
:105DA0000023057400F1840243602946C0E90233F0
:105DB0000C4B0290143001934FF44073009602F0A4
:105DC00035FD094B04F69442294604F14C00029437
:105DD000CDE900634FF4407302F0FCFD04B070BDE8
:105DE000B8980008895D0008AD5C00080A68302397
:105DF00083F311880B790B3342F823004B7913336B
:105E000042F823008B7913B10B3342F8230000F5DD
:105E10008053C3F8A41802230374002080F3118870
:105E20007047000038B5037F044613B190F8543032
:105E3000ABB90125201D0221FFF730FF04F114004A
:105E40006FF00101257700F0EDFC04F14C0084F8BF
:105E500054506FF00101BDE8384000F0E3BC38BD9C
:105E600010B5012104460430FFF718FF0023237703
:105E700084F8543010BD000038B5044600251430B5
:105E800002F0ECFC04F14C00257702F0BBFD201D74
:105E900084F854500121FFF701FF2046BDE8384047
:105EA000FFF750BF90F8803003F06003202B06D13D
:105EB00090F881200023212A03D81F2A06D8002029
:105EC0007047222AFBD1C0E91D3303E0034A426731
:105ED00007228267C3670120704700BF4422002069
:105EE00037B500F58055D5F8A4381A68117804291B
:105EF0001AD1017C022917D11979012312898B400B
:105F0000134211D100F14C04204602F03BFE58B17F
:105F100001A9204602F082FDD5F8A4480246019B63
:105F20002179206800F0C0F803B030BD01F10B0307
:105F3000F0B550F8236085B004460D46FEB130231D
:105F400083F3118804EB8507301D0821FFF7A6FEB7
:105F5000FB6806F14C005B691B681BB1019002F005
:105F60006BFD019803A902F059FD024648B1039B5D
:105F70002946204600F098F8002383F3118805B0E5
:105F8000F0BDFB685A691268002AF5D01B8A013BF4
:105F90001340F1D104F18002EAE70000133138B573
:105FA00050F82140ECB1302383F3118804F580537D
:105FB000D3F8A4281368527903EB8203DB689B694A
:105FC0005D6845B104216018FFF768FE294604F1B9
:105FD000140002F059FC2046FFF7B4FE002383F3BF
:105FE000118838BD7047000001F070BD01234022C8
:105FF000002110B5044600F8303BFBF79BFE002360
:10600000C4E9013310BD000010B53023044683F30A
:1060100011882422416000210C30FBF78BFE2046C2
:1060200001F076FD02230020237080F3118810BD5B
:1060300070B500EB8103054650690E461446DA60E0
:1060400018B110220021FBF775FEA06918B11022CB
:106050000021FBF76FFE31462846BDE8704001F095
:106060005DBE000083682022002103F0011310B5FB
:10607000044683601030FBF75DFE2046BDE810400B
:1060800001F0D8BEF0B4012500EB810447898D40B2
:10609000E4683D43A469458123600023A2606360F6
:1060A000F0BC01F0F5BE0000F0B4012500EB810466
:1060B00007898D40E4683D436469058123600023BE
:1060C000A2606360F0BC01F06BBF000070B50223FA
:1060D00000250446242203702946C0F888500C305D
:1060E00040F8045CFBF726FE204684F8705001F06F
:1060F000A9FD63681B6823B129462046BDE87040AE
:10610000184770BD0378052B10B504460AD080F8F7
:106110008C300523037043681B680BB1042198473A
:106120000023A36010BD00000178052906D190F876
:106130008C20436802701B6803B118477047000049
:1061400070B590F87030044613B1002380F87030B9
:1061500004F18002204601F091FE63689B68B3B9A8
:1061600094F8803013F0600535D00021204602F00D
:1061700083F90021204602F073F963681B6813B1AC
:10618000062120469847062384F8703070BD2046CB
:1061900098470028E4D0B4F88630A26F9A4288BFAE
:1061A000A36794F98030A56F002B4FF0300380F285
:1061B0000381002D00F0F280092284F8702083F31F
:1061C000118800212046D4E91D23FFF76DFF00232D
:1061D00083F31188DAE794F8812003F07F0343EA20
:1061E000022340F20232934200F0C58021D8B3F579
:1061F000807F48D00DD8012B3FD0022B00F0938038
:10620000002BB2D104F1880262670222A267E36721
:10621000C1E7B3F5817F00F09B80B3F5407FA4D147
:1062200094F88230012BA0D1B4F8883043F00203F7
:1062300032E0B3F5006F4DD017D8B3F5A06F31D071
:10624000A3F5C063012B90D86368204694F88220A0
:106250005E6894F88310B4F88430B047002884D086
:10626000436863670368A3671AE0B3F5106F36D01D
:1062700040F6024293427FF478AF5C4B636702239F
:10628000A3670023C3E794F88230012B7FF46DAF3E
:10629000B4F8883023F00203A4F88830C4E91D550F
:1062A000E56778E7B4F88030B3F5A06F0ED194F8C5
:1062B0008230204684F88A3001F022FD63681B6832
:1062C00013B1012120469847032323700023C4E91A
:1062D0001D339CE704F18B0363670123C3E7237835
:1062E000042B10D1302383F311882046FFF7BAFE28
:1062F00085F311880321636884F88B5021701B6833
:106300000BB12046984794F88230002BDED084F8F9
:106310008B300423237063681B68002BD6D00221C6
:1063200020469847D2E794F8843020461D0603F0B3
:106330000F010AD501F094FD012804D002287FF452
:1063400014AF2B4B9AE72B4B98E701F07BFDF3E75B
:1063500094F88230002B7FF408AF94F8843013F067
:106360000F01B3D01A06204602D502F09DF8ADE722
:1063700002F08EF8AAE794F88230002B7FF4F5AE95
:1063800094F8843013F00F01A0D01B06204602D5EC
:1063900002F072F89AE702F063F897E7142284F8A3
:1063A000702083F311882B462A4629462046FFF7A2
:1063B00069FE85F31188E9E65DB1152284F8702045
:1063C00083F3118800212046D4E91D23FFF75AFEEC
:1063D000FDE60B2284F8702083F311882B462A46B1
:1063E00029462046FFF760FEE3E700BFE898000873
:1063F000E0980008E498000838B590F8703004463A
:10640000002B3ED0063BDAB20F2A34D80F2B32D8FD
:10641000DFE803F0373131082232313131313131A7
:1064200031313737856FB0F886309D4214D2C3685A
:106430001B8AB5FBF3F203FB12556DB9302383F3CE
:1064400011882B462A462946FFF72EFE85F3118830
:106450000A2384F870300EE0142384F8703030235F
:1064600083F31188002320461A461946FFF70AFED7
:10647000002383F3118838BDC36F03B1984700230D
:10648000E7E70021204601F0F7FF0021204601F058
:10649000E7FF63681B6813B106212046984706236F
:1064A000D7E7000010B590F870300446142B29D0BF
:1064B00017D8062B05D001D81BB110BD093B022B04
:1064C000FBD80021204601F0D7FF0021204601F033
:1064D000C7FF63681B6813B106212046984706234F
:1064E00019E0152BE9D10B2380F87030302383F3AA
:1064F000118800231A461946FFF7D6FD002383F3BF
:106500001188DAE7C3689B695B68002BD5D1C36F3C
:1065100003B19847002384F87030CEE700238268E7
:1065200080F8243083691B6899689142FBD25A68CD
:10653000036042601060586070470000002382686A
:1065400080F8243083691B6899689142FBD85A68A7
:1065500003604260106058607047000008B508464C
:10656000302383F3118891F82430032B05D0042BBA
:106570000DD02BB983F3118808BD8B6A00221A60F5
:106580004FF0FF338362FFF7C9FF0023F2E7D1E941
:10659000003213605A60F3E7034610B51B68984257
:1065A00003D09C688A689442F8D25A680B604A60AB
:1065B0001160596010BD0000FFF7B0BF38B50B4B3C
:1065C0001C68DD6885F82400226853601A60012287
:1065D000DC60A36884F82420934201D101F03CF9E7
:1065E00029462046BDE83840F9F70CBF6846002030
:1065F0000C4B30B5DD684B1C87B004460FD02B46E2
:10660000094A684600F0A2F92046FFF7D7FF009B31
:1066100013B1684600F0A4F9A86A07B030BDFFF7CF
:10662000CDFFF9E7684600205D650008044B1A6855
:10663000DB6890689B68984294BF002001207047F7
:106640006846002038B50C4B1C68DD682268536032
:106650001A600122DC6084F82420AB68934201D1E7
:1066600001F0FCF82846FFF769FF01462046BDE827
:106670003840F9F7C7BE00BF68460020044B1A68CF
:10668000DB6892689B689A4201D9FFF7DBBF7047CD
:106690006846002038B50123084C0025237065604A
:1066A00002F00AFB02F030FB0549064802F006FC46
:1066B0000223237085F3118838BD00BF10490020E4
:1066C000F09800086846002000F080B9034A51683D
:1066D00053685B1A9842FBD8704700BF001000E077
:1066E0008B604B630023CA6100F128020B63022315
:1066F0000A618B840123886181F8263001F110033F
:10670000C26A4A611360C36201F12C030846CB627E
:1067100070470000D0E90131026841F8183CA1F14E
:106720009C033839CB60036941F8243C436941F844
:10673000203C034B41F8043CC3680248FFF7D0BF3C
:106740001D0400086846002008B5FFF7E3FFBDE818
:106750000840FFF731BF000038B50E4BDC6804F18C
:106760002C05A062E06AA8420FD194F826303BB90C
:1067700094F825309B0702BFD4E9043213605A60B5
:106780000F20BDE83840FFF719BF0368E362FFF749
:1067900013FFE7E768460020302383F31188FFF7F3
:1067A000DBBF000008B50146302383F311880820C1
:1067B000FFF71EFF002383F3118808BD054BDB683C
:1067C00021B1036098620320FFF712BF4FF0FF3042
:1067D000704700BF6846002003682BB100220260AA
:1067E00018469962FFF7E8BE70470000064BDB6869
:1067F00039B1426818605A60136043600420FFF7A3
:10680000F7BE4FF0FF30704768460020036898429B
:1068100006D01A680260506018469962FFF7CCBE35
:106820007047000038B504460D462068844200D108
:1068300038BD036823605C608562FFF7BDFEF4E746
:10684000036810B59C68A2420CD85C688A600B6033
:106850004C602160596099688A1A9A604FF0FF3342
:10686000836010BD121B1B68ECE700000A2938BFCB
:106870000A2170B504460D460A26601902F016FA80
:1068800002F0FEF9041BA54203D8751C04462E46EF
:10689000F3E70A2E04D90120BDE8704002F0D6BB10
:1068A00070BD0000F8B5144B0D460A2A4FF00A07D8
:1068B000D96103F11001826038BF0A224160196971
:1068C0001446016048601861A81802F0DFF902F070
:1068D000D7F9431B0646A34206D37C1C281927463A
:1068E000354602F0E3F9F2E70A2F04D90120BDE8AA
:1068F000F84002F0ABBBF8BD68460020F8B506468C
:106900000D4602F0BDF90F4A134653F8107F9F421F
:1069100006D12A4601463046BDE8F840FFF7C2BF1F
:10692000D169BB68441A2C1928BF2C46A34202D94E
:106930002946FFF79BFF224631460348BDE8F84051
:10694000FFF77EBF6846002078460020C0E9032399
:10695000002310B45DF8044B4361FFF7CFBF000084
:1069600010B5194C236998420DD08168D0E90032E6
:1069700013605A609A680A449A60002303604FF0DB
:10698000FF33A36110BD0268234643F8102F536004
:106990000022026022699A4203D1BDE8104002F051
:1069A0007FB9936881680B44936002F069F92269AA
:1069B000E1699268441AA242E4D91144BDE810404A
:1069C000091AFFF753BF00BF684600202DE9F047C2
:1069D000DFF8BC8008F110072C4ED8F8105002F0F8
:1069E0004FF9D8F81C40AA68031B9A423ED81444B9
:1069F0004FF00009D5E90032C8F81C4013605A6016
:106A0000C5F80090D8F81030B34201D102F048F92F
:106A100089F31188D5E9033128469847302383F359
:106A200011886B69002BD8D002F02AF96A69A0EBB3
:106A3000040982464A450DD2022002F007FB0022DB
:106A4000D8F81030B34208D151462846BDE8F04787
:106A5000FFF728BF121A2244F2E712EB0909294670
:106A6000384638BF4A46FFF7EBFEB5E7D8F8103096
:106A7000B34208D01444C8F81C00211AA960BDE82C
:106A8000F047FFF7F3BEBDE8F08700BF784600206F
:106A90006846002038B502F0F3F8054AD2E9084507
:106AA000031B181945F10001C2E9080138BD00BFF8
:106AB0006846002010B560B9074804790368053CB2
:106AC0009B6818BF0124984708B144F0040420468D
:106AD00010BD0124FBE700BFC8360020FFF7EABF66
:106AE0002DE9F047884617469A460446B0B90D4E40
:106AF0003579052D05D003240DE0013D15F0FF0586
:106B00000ED03268534639463046D2F81490424689
:106B1000C8470028F1D12046BDE8F0870424FAE7F1
:106B20000124F8E7C83600202DE9F04788461746CB
:106B30009A460446B0B90D4E3579052D05D003248B
:106B40000DE0013D15F0FF050ED032685346394681
:106B50003046D2F818904246C8470028F1D1204666
:106B6000BDE8F0870424FAE70124F8E7C8360020DE
:106B700037B50C46154670B951B101290BD10748FC
:106B8000694603681B6A984710B9019B04462B604D
:106B9000204603B030BD0424FAE700BFC836002009
:106BA00000207047FEE70000704700004FF0FF3004
:106BB000704700004B6843608B688360CB68C3609C
:106BC0000B6943614B6903628B6943620B68036025
:106BD0007047000008B53C4B40F2FF713B48D3F8CA
:106BE00088200A43C3F88820D3F8882022F4FF6263
:106BF00022F00702C3F88820D3F88820D3F8E020D9
:106C00000A43C3F8E020D3F808210A43C3F8082157
:106C10002F4AD3F808311146FFF7CCFF00F580600A
:106C200002F11C01FFF7C6FF00F5806002F1380198
:106C3000FFF7C0FF00F5806002F15401FFF7BAFFD3
:106C400000F5806002F17001FFF7B4FF00F580608D
:106C500002F18C01FFF7AEFF00F5806002F1A801A0
:106C6000FFF7A8FF00F5806002F1C401FFF7A2FF63
:106C700000F5806002F1E001FFF79CFF00F5806005
:106C800002F1FC01FFF796FF02F58C7100F58060C0
:106C9000FFF790FF01F0A0FC0E4BD3F8902242F0DA
:106CA0000102C3F89022D3F8942242F00102C3F803
:106CB00094220522C3F898204FF06052C3F89C201C
:106CC000054AC3F8A02008BD00440258000002583D
:106CD0000499000800ED00E01F00080308B501F06A
:106CE00091FDFFF7D7FC104BD3F8DC2042F04002B7
:106CF000C3F8DC20D3F8042122F04002C3F80421B9
:106D0000D3F80431094B1A6842F008021A601A6875
:106D100042F004021A6000F089FD00F03FFBBDE87C
:106D2000084000F0B5B800BF0044025800180248FF
:106D300001207047002070477047000002290CD0E6
:106D4000032904D00129074818BF00207047032AEF
:106D500005D8054800EBC200704704487047002082
:106D6000704700BF049B000854220020B89A000816
:106D700070B59AB005460846144601A900F0C2F85D
:106D800001A8FAF7CFFF431C0022C6B25B001046F1
:106D9000C5E9003423700323023404F8013C01AB3D
:106DA000D1B202348E4201D81AB070BD13F8011B63
:106DB000013204F8010C04F8021CF1E708B5302395
:106DC00083F311880348FFF78BF8002383F31188BE
:106DD00008BD00BF1849002090F8803003F01F0262
:106DE000012A07D190F881200B2A03D10023C0E9A2
:106DF0001D3315E003F06003202B08D1B0F8843078
:106E00002BB990F88120212A03D81F2A04D8FFF734
:106E100049B8222AEBD0FAE7034A42670722826781
:106E2000C3670120704700BF4B22002007B505292A
:106E300017D8DFE801F0191603191920302383F35E
:106E40001188104A01210190FFF7F2F80198022100
:106E50000D4AFFF7EDF80D48FFF70EF8002383F316
:106E6000118803B05DF804FB302383F311880748D1
:106E7000FEF7D8FFF2E7302383F311880348FEF7CB
:106E8000EFFFEBE7589A00087C9A000818490020A9
:106E900038B50C4D0C4C2A460C4904F10800FFF79C
:106EA00067FF05F1CA0204F110000949FFF760FF0E
:106EB00005F5CA7204F118000649BDE83840FFF72D
:106EC00057BF00BFF061002054220020389A00080C
:106ED000429A00084D9A000870B5044608460D46CF
:106EE000FAF720FFC6B22046013403780BB91846E2
:106EF00070BD32462946FAF701FF0028F3D1012080
:106F0000F6E700002DE9F04705460C46FAF70AFFC0
:106F10002B49C6B22846FFF7DFFF08B10736F6B2A5
:106F200028492846FFF7D8FF08B11036F6B2632E7D
:106F30000BD8DFF88C80DFF88C90234FDFF894A01B
:106F40002E7846B92670BDE8F08729462046BDE870
:106F5000F04702F019B9252E2ED1072241462846C6
:106F6000FAF7CCFE70B9194B224603F10C0153F825
:106F7000040B8B4242F8040BF9D11B8807350E3401
:106F80001380DDE7082249462846FAF7B7FE98B98C
:106F9000A21C0F4B197802320909C95D02F8041CC2
:106FA00013F8011B01F00F015345C95D02F8031CE2
:106FB000F0D118340835C3E7013504F8016BBFE799
:106FC000249B00084D9A00083B9B00082C9B00085E
:106FD00000E8F11F0CE8F11FBFF34F8F044B1A6953
:106FE0005107FCD1D3F810215207F8D1704700BFE8
:106FF0000020005208B50D4B1B78ABB9FFF7ECFF32
:107000000B4BDA68D10704D50A4A5A6002F188327C
:107010005A60D3F80C21D20706D5064AC3F80421DA
:1070200002F18832C3F8042108BD00BF4E6400207D
:10703000002000522301674508B5114B1B78F3B9B6
:10704000104B1A69510703D5DA6842F04002DA6042
:10705000D3F81021520705D5D3F80C2142F0400295
:10706000C3F80C21FFF7B8FF064BDA6842F00102C3
:10707000DA60D3F80C2142F00102C3F80C2108BDFC
:107080004E640020002000520F289ABF00F5806057
:1070900040040020704700004FF4003070470000AB
:1070A000102070470F2808B50BD8FFF7EDFF00F54B
:1070B00000330268013204D104308342F9D1012047
:1070C00008BD0020FCE700000F2838B505463FD872
:1070D000FFF782FF1F4CFFF78DFF4FF0FF330728AC
:1070E0006361C4F814311DD82361FFF775FF0302F3
:1070F00043F02403E360E36843F08003E360236923
:107100005A07FCD42846FFF767FFFFF7BDFF4FF48F
:10711000003100F0BBFA2846FFF78EFFBDE838408B
:10712000FFF7C0BFC4F81031FFF756FFA0F1080306
:107130001B0243F02403C4F80C31D4F80C3143F0A3
:107140008003C4F80C31D4F810315B07FBD4D9E7C5
:10715000002038BD002000522DE9F84F04460D46AE
:10716000104644EA0203DE0602D00020BDE8F88F94
:1071700020F01F00DFF8D4B0DFF8D4A0FFF73AFF0B
:1071800005EB0008454503D10120FFF755FFEDE76A
:1071900020222946204601F0BFFF10B920342035B7
:1071A000F0E7234604F120021F68791CDDD1043387
:1071B0009342F9D104F178432048214EB3F5801F62
:1071C000204B38BF184603F1F80332BFD946D146E9
:1071D0001E46FFF701FF0760A4EB050C336805F1BD
:1071E0001C0143F0020333602B1FD9F8007017F025
:1071F0000507FAD153F8042F8B424CF80320F4D141
:10720000BFF34F8FFFF7E8FE4FF0FF3303603368A3
:1072100023F002033360BFF34F8F0B4BC3F85C4284
:10722000BFF34F8FBFF36F8F20222946204601F016
:1072300073FF0028B2D03846A7E700BF14210052E0
:107240000C2000521420005200ED00E010200052EB
:107250001021005210B5084C237828B11BB9FFF754
:10726000C9FE0123237010BD002BFCD02070BDE8A7
:107270001040FFF7E1BE00BF4E6400202DE9F04F43
:107280000D4685B0814658B111F00D0614BF20227D
:10729000082211F00803019304D0431E034269D071
:1072A000002435E0002E37D009F11F0121F01F091D
:1072B0004FF00108314F05F00403DFF8CCA005EAD8
:1072C000080BBBF1000F32D07869C0072FD408F14A
:1072D00001080C37B8F1060FF3D19EB9284D494685
:1072E000A819019201F032FD0446002839D1203658
:1072F000019AA02EF3D1494601F028FD044600284A
:107300002FD1019A49461F4801F020FD044660BB79
:10731000204605B0BDE8F08F0029C9D101462846B6
:10732000029201F013FD0446D8B9029AC0E713B1E6
:1073300078694107CBD5AC0702D578698007C6D5F7
:10734000019911B178690107C1D549460AEB481086
:10735000CDE9022301F0FAFC0446DDE9022300280E
:10736000B5D04A460021204601E04A460021FAF7FE
:10737000E1FCCDE70246002E96D199E74C9B000830
:107380009064002050640020706400200021FFF70A
:1073900075BF00000121FFF771BF000000231A46EE
:1073A00070B51A600433B3F5806FFAD1104D012423
:1073B000104E06EB441001342A6955F80C1F01F0F9
:1073C000B1FC062CF5D137254FF4C0542046FFF709
:1073D000E1FF014628B122460748BDE8704001F0B0
:1073E000A1BCC4EBC404013D4FEAD404EED170BD8E
:1073F0004C9B000870640020506400200421FFF7BB
:107400003DBF00004843FFF7C1BF000008B101F0D5
:107410000FBD7047B0F5805F10B5044607D8FFF781
:10742000EDFF28B92046BDE81040FFF7AFBF0020B0
:1074300010BD0000FFF7EABF70B5AAB140EA010332
:1074400013F01F030FD1094C0144A5686D0706D541
:107450002568A84203D366683544A94204D903339A
:107460000C34122BF1D10022104670BD4C9B000849
:1074700008B501F0F3FD034AD2E90032C01842EB2F
:10748000010108BD30650020434BD3E900232DE9FD
:10749000F34113437CD0FFF7EBFF404A0023002762
:1074A000F8F7CAFF06460D463D4A0023F8F7C4FF29
:1074B0000023144630462946394AF8F7BDFF4FF4F9
:1074C00061613C23ADF80170B4FBF1F5B4FBF3F658
:1074D00001FB154103FB16464624B1FBF3F1314B8A
:1074E000F6B28DF8004098423CD84FF0640C4FF44F
:1074F000C87EA30704F26C7225D1B2FBFCF30CFB2F
:10750000132313BBB2FBFEF30EFB1322B2FA82F37A
:107510005B0903F26D18621C8045D2B217D90FB116
:107520008DF800400022204C4FF00C0C17460CFB4D
:107530000343D4B2013213F804C084450CD8A0EB45
:107540000C000127F5E70023E3E70123E1E7A0EBC7
:10755000080014460127CCE70FB18DF80140431C09
:107560008DF802309DF80100431C9DF80000503852
:10757000400640EA43509DF8023040EA034040EAAA
:10758000560040EAC52040EA411002B0BDE8F08153
:107590004FF40410F9E700BF3065002040420F00AF
:1075A0008051010090230B00949B00080244074B7C
:1075B000D2B210B5904200D110BD441C00B253F8B5
:1075C000200041F8040BE0B2F4E700BF504000583F
:1075D0000E4B30B51C6F240405D41C6F1C671C6F48
:1075E00044F400441C670A4C02442368D2B243F4BA
:1075F00080732360074B904200D130BD441C51F88A
:10760000045B00B243F82050E0B2F4E700440258B3
:10761000004802585040005807B5012201A9002037
:10762000FFF7C4FF019803B05DF804FB13B50446EF
:10763000FFF7F2FFA04205D0012201A9002001942A
:10764000FFF7C6FF02B010BD10B56424013C4FF433
:107650007A70FFF7A7F814F0FF04F7D10A4B102255
:1076600014249A614FF480629A61A3F580534FF419
:1076700000529A61013C4FF47A70FFF793F814F0CE
:10768000FF04F7D110BD00BF001802580144BFF33A
:107690004F8F064B884204D3BFF34F8FBFF36F8FDA
:1076A0007047C3F85C022030F4E700BF00ED00E053
:1076B0000144BFF34F8F064B884204D3BFF34F8F73
:1076C000BFF36F8F7047C3F870022030F4E700BF3C
:1076D00000ED00E070B5054616460C46012010216D
:1076E000FFF790FE286046733CB1204636B1FFF7A5
:1076F00085FE2B68186000B19C6070BDFFF74AFEE4
:10770000F7E70000F8B50F461546044648B905F1FD
:107710001F010126386821F01F01FFF7B7FF30462F
:10772000F8BD427B29463868FFF786FE06460028EA
:10773000EDD13B686360A368AB4210D213B12068FF
:10774000FFF764FE637B28462BB1FFF757FE2060EE
:1077500020B9A060E3E7FFF71DFEF8E7A560206809
:1077600005F11F01012621F01F013860FFF78EFF90
:107770002673D4E770B50E4602F11F010446154684
:1077800021F01F013046FFF793FF4CB12168B14251
:1077900006D1606810B12A46FAF7A6FA00232373CF
:1077A00070BD0000F8B50F461446054648B904F10F
:1077B0001F010126386821F01F01FFF779FF3046CD
:1077C000F8BD427B21463868FFF736FE06460028A2
:1077D000EDD1AB68A34210D213B12868FFF716FEB3
:1077E0006B7B20462BB1FFF709FE286020B9A8600B
:1077F000E5E7FFF7CFFDF8E7AC60396819B122463D
:107800002868FAF771FA286804F11F01012621F0AF
:107810001F013860FFF74CFF2E73D0E720B10368DB
:107820008B4204BF0023037370470000034B1A68A8
:107830001AB9034AD2F8D0241A607047386500207C
:107840000040025808B5FFF7F1FF024B1868C0F37B
:10785000806008BD38650020704700007047000058
:10786000EFF30983054968334A6B22F001024A634A
:1078700083F30988002383F31188704700EF00E049
:10788000302080F3118862B60D4B0E4AD96821F47E
:10789000E0610904090C0A430B49DA60D3F8FC20C3
:1078A00042F08072C3F8FC20084AC2F8B01F116889
:1078B00041F0010111602022DA7783F8220070473D
:1078C00000ED00E00003FA0555CEACC5001000E065
:1078D000302310B583F311880E4B5B6813F40063FB
:1078E00014D0F1EE103AEFF309844FF08073683C46
:1078F000E361094BDB6B236684F30988FEF796FE90
:1079000010B1064BA36110BD054BFBE783F3118853
:10791000F9E700BF00ED00E000EF00E02F040008F1
:107920003204000870B5BFF34F8FBFF36F8F1A4A50
:107930000021C2F85012BFF34F8FBFF36F8F53690E
:1079400043F400335361BFF34F8FBFF36F8FC2F81F
:107950008410BFF34F8FD2F8803043F6E074C3F346
:10796000C900C3F34E335B0103EA0406014646EA4D
:1079700081750139C2F86052F9D2203B13F1200F12
:10798000F2D1BFF34F8F536943F480335361BFF398
:107990004F8FBFF36F8F70BD00ED00E0FEE700007A
:1079A000214B2248224A70B5904237D3214BC11E49
:1079B000DA1C121A22F003028B4238BF0022002187
:1079C000FAF7B8F91C4A0023C2F88430BFF34F8F8E
:1079D000D2F8803043F6E074C3F3C900C3F34E33EA
:1079E0005B0103EA0406014646EA81750139C2F8E3
:1079F0006C52F9D2203B13F1200FF2D1BFF34F8F1D
:107A0000BFF36F8FBFF34F8FBFF36F8F0023C2F8A9
:107A10005032BFF34F8FBFF36F8F70BD53F8041B0D
:107A200040F8041BC0E700BF9C9C0008B46600201F
:107A3000B4660020B466002000ED00E0074BD3F8E8
:107A4000D81021EA0001C3F8D810D3F8002122EAA7
:107A50000002C3F80021D3F80031704700440258F7
:107A600070B5D0E9244300224FF0FF359E6804EB47
:107A700042135101D3F80009002805DAD3F80009B0
:107A800040F08040C3F80009D3F8000B002805DA65
:107A9000D3F8000B40F08040C3F8000B01326318AC
:107AA0009642C3F80859C3F8085BE0D24FF00113BF
:107AB000C4F81C3870BD0000890141F0200101614B
:107AC00003699B06FCD41220FEF700BE10B50A4CD9
:107AD0002046FEF78BFA094BC4F89030084BC4F8E7
:107AE0009430084C2046FEF781FA074BC4F89030DA
:107AF000064BC4F8943010BD3C65002000000840DF
:107B0000D09B0008D865002000000440DC9B0008E2
:107B100070B503780546012B5CD1434BD0F89040FB
:107B2000984258D1414B0E216520D3F8D82042F01D
:107B30000062C3F8D820D3F8002142F00062C3F8F5
:107B40000021D3F80021D3F8802042F00062C3F86E
:107B50008020D3F8802022F00062C3F88020D3F880
:107B60008030FDF787FC324BE360324BC4F80038BD
:107B70000023D5F89060C4F8003EC02323604FF482
:107B80000413A3633369002BFCDA01230C20336157
:107B9000FEF79CFD3369DB07FCD41220FEF796FD4F
:107BA0003369002BFCDA00262846A660FFF758FF51
:107BB0006B68C4F81068DB68C4F81468C4F81C6803
:107BC00083BB1D4BA3614FF0FF336361A36843F098
:107BD0000103A36070BD194B9842C9D1134B4FF0FC
:107BE0008060D3F8D82042F00072C3F8D820D3F8D0
:107BF000002142F00072C3F80021D3F80021D3F82D
:107C0000802042F00072C3F88020D3F8802022F058
:107C10000072C3F88020D3F88030FFF70FFF0E21E9
:107C20004D209EE7064BCDE73C65002000440258FE
:107C30004014004003002002003C30C0D865002002
:107C4000083C30C0F8B5D0F89040054600214FF010
:107C500000662046FFF730FFD5F8941000234FF060
:107C600001128F684FF0FF30C4F83438C4F81C2874
:107C700004EB431201339F42C2F80069C2F8006B63
:107C8000C2F80809C2F8080BF2D20B68D5F89020A8
:107C9000C5F89830636210231361166916F0100658
:107CA000FBD11220FEF712FDD4F8003823F4FE6356
:107CB000C4F80038A36943F4402343F01003A361E0
:107CC0000923C4F81038C4F814380B4BEB604FF09C
:107CD000C043C4F8103B094BC4F8003BC4F810691A
:107CE000C4F80039D5F8983003F1100243F480133A
:107CF000C5F89820A362F8BDAC9B00084080001036
:107D0000D0F8902090F88A10D2F8003823F4FE635F
:107D100043EA0113C2F80038704700002DE9F84328
:107D200000EB8103D0F890500C468046DA680FFAD9
:107D300081F94801166806F00306731E022B05EB55
:107D400041134FF0000194BFB604384EC3F8101B26
:107D50004FF0010104F1100398BF06F1805601FABB
:107D600003F3916998BF06F5004600293AD0578A77
:107D700004F15801374349016F50D5F81C180B43E3
:107D80000021C5F81C382B180127C3F81019A7408B
:107D90005369611E9BB3138A928B9B08012A88BF8B
:107DA0005343D8F89820981842EA034301F140025F
:107DB0002146C8F89800284605EB82025360FFF779
:107DC0007BFE08EB8900C3681B8A43EA845348346E
:107DD0001E4364012E51D5F81C381F43C5F81C788A
:107DE000BDE8F88305EB4917D7F8001B21F40041E3
:107DF000C7F8001BD5F81C1821EA0303C0E704F1FB
:107E00003F030B4A2846214605EB83035A60FFF7E0
:107E100053FE05EB4910D0F8003923F40043C0F8B5
:107E20000039D5F81C3823EA0707D7E7008000108F
:107E300000040002D0F894201268C0F89820FFF7E0
:107E40000FBE00005831D0F8903049015B5813F450
:107E5000004004D013F4001F0CBF02200120704723
:107E60004831D0F8903049015B5813F4004004D0F9
:107E700013F4001F0CBF02200120704700EB8101AA
:107E8000CB68196A0B6813604B6853607047000039
:107E900000EB810330B5DD68AA691368D36019B9B6
:107EA000402B84BF402313606B8A1468D0F8902065
:107EB0001C4402EB4110013C09B2B4FBF3F46343F0
:107EC000033323F0030343EAC44343F0C043C0F841
:107ED000103B2B6803F00303012B0ED1D2F80838B6
:107EE00002EB411013F4807FD0F8003B14BF43F045
:107EF000805343F00053C0F8003B02EB4112D2F82C
:107F0000003B43F00443C2F8003B30BD2DE9F04193
:107F1000D0F8906005460C4606EB4113D3F8087B79
:107F20003A07C3F8087B08D5D6F814381B0704D5E0
:107F300000EB8103DB685B689847FA071FD5D6F82A
:107F40001438DB071BD505EB8403D968CCB98B69E2
:107F5000488A5A68B2FBF0F600FB16228AB9186804
:107F6000DA6890420DD2121AC3E90024302383F359
:107F7000118821462846FFF78BFF84F31188BDE85E
:107F8000F081012303FA04F26B8923EA02036B8177
:107F9000CB68002BF3D021462846BDE8F0411847B6
:107FA00000EB81034A0170B5DD68D0F890306C6950
:107FB0002668E66056BB1A444FF40020C2F8100948
:107FC0002A6802F00302012A0AB20ED1D3F8080887
:107FD00003EB421410F4807FD4F8000914BF40F082
:107FE000805040F00050C4F8000903EB4212D2F870
:107FF000000940F00440C2F800090122D3F8340817
:1080000002FA01F10143C3F8341870BD19B9402ECA
:1080100084BF4020206020681A442E8A8419013CC5
:10802000B4FBF6F440EAC44040F00050C6E700005C
:108030002DE9F843D0F8906005460C464F0106EB59
:108040004113D3F8088918F0010FC3F808891CD030
:10805000D6F81038DB0718D500EB8103D3F80CC035
:10806000DCF81430D3F800E0DA68964530D2A2EBA1
:108070000E024FF000091A60C3F80490302383F316
:108080001188FFF78DFF89F3118818F0800F1DD03C
:10809000D6F834380126A640334217D005EB8403C6
:1080A0000134D5F89050D3F80CC0E4B22F44DCF87A
:1080B000142005EB0434D2F800E05168714514D364
:1080C000D5F8343823EA0606C5F83468BDE8F883E5
:1080D000012303FA01F2038923EA02030381DCF896
:1080E0000830002BD1D09847CFE7AEEB0103BCF8A6
:1080F0001000834228BF0346D7F8180980B2B3EBBB
:10810000800FE3D89068A0F1040959F8048FC4F8EF
:108110000080A0EB09089844B8F1040FF5D8184482
:108120000B4490605360C8E72DE9F84FD0F89050A9
:1081300004466E69AB691E4016F480586E6103D028
:10814000BDE8F84FFDF7C2BF002E12DAD5F8003EA9
:108150009B0705D0D5F8003E23F00303C5F8003E89
:10816000D5F80438204623F00103C5F80438FDF79C
:10817000DBFF370505D52046FFF772FC2046FDF7EB
:10818000C1FFB0040CD5D5F8083813F0060FEB6822
:1081900023F470530CBF43F4105343F4A053EB602B
:1081A00031071BD56368DB681BB9AB6923F0080393
:1081B000AB612378052B0CD1D5F8003E9A0705D08A
:1081C000D5F8003E23F00303C5F8003E2046FDF736
:1081D000ABFF6368DB680BB120469847F30200F100
:1081E000BA80B70226D5D4F8909000274FF0010A44
:1081F00009EB4712D2F8003B03F44023B3F5802F7C
:1082000011D1D2F8003B002B0DDA62890AFA07F38C
:1082100022EA0303638104EB8703DB68DB6813B1A5
:108220003946204698470137D4F89430FFB29B680E
:108230009F42DDD9F00619D5D4F89000026AC2F346
:108240000A1702F00F0302F4F012B2F5802F00F0CB
:10825000CA80B2F5402F09D104EB8303002200F558
:108260008050DB681B6A974240F0B0803003D5F83D
:10827000185835D5E90303D500212046FFF746FEFF
:10828000AA0303D501212046FFF740FE6B0303D567
:1082900002212046FFF73AFE2F0303D50321204693
:1082A000FFF734FEE80203D504212046FFF72EFE37
:1082B000A90203D505212046FFF728FE6A0203D54F
:1082C00006212046FFF722FE2B0203D50721204678
:1082D000FFF71CFEEF0103D508212046FFF716FE2D
:1082E000700340F1A780E90703D500212046FFF77E
:1082F0009FFEAA0703D501212046FFF799FE6B07D1
:1083000003D502212046FFF793FE2F0703D5032153
:108310002046FFF78DFEEE0603D504212046FFF729
:1083200087FEA80603D505212046FFF781FE6906D2
:1083300003D506212046FFF77BFE2A0603D5072139
:108340002046FFF775FEEB0574D520460821BDE8F1
:10835000F84FFFF76DBED4F890904FF0000B4FF040
:10836000010AD4F894305FFA8BF79B689F423FF67E
:1083700038AF09EB4713D3F8002902F44022B2F5D5
:10838000802F20D1D3F80029002A1CDAD3F8002945
:1083900042F09042C3F80029D3F80029002AFBDB01
:1083A0003946D4F89000FFF787FB22890AFA07F3D1
:1083B00022EA0303238104EB8703DB689B6813B184
:1083C0003946204698470BF1010BCAE7910701D1C6
:1083D000D0F80080072A02F101029CBF03F8018B4C
:1083E0004FEA18283FE704EB830300F58050DA6872
:1083F000D2F818C0DCF80820DCE9001CA1EB0C0C5A
:1084000000218F4208D1DB689B699A683A449A60E0
:108410005A683A445A6029E711F0030F01D1D0F8A5
:1084200000808C4501F1010184BF02F8018B4FEA05
:108430001828E6E7BDE8F88F08B50348FFF774FE93
:10844000BDE80840FFF744BA3C65002008B5034882
:10845000FFF76AFEBDE80840FFF73ABAD86500208A
:10846000D0F8903003EB4111D1F8003B43F40013F6
:10847000C1F8003B70470000D0F8903003EB411189
:10848000D1F8003943F40013C1F8003970470000F7
:10849000D0F8903003EB4111D1F8003B23F40013E6
:1084A000C1F8003B70470000D0F8903003EB411159
:1084B000D1F8003923F40013C1F8003970470000E7
:1084C000064BD3F8DC200243C3F8DC20D3F80421A8
:1084D0001043C3F80401D3F8043170470044025834
:1084E00008B53C4B4FF0FF31D3F8802062F00042DA
:1084F000C3F88020D3F8802002F00042C3F8802027
:10850000D3F88020D3F88420C3F88410D3F88420D3
:108510000022C3F88420D3F88400D86F40F0FF40D5
:1085200040F4FF0040F4DF4040F07F00D867D86F90
:1085300020F0FF4020F4FF0020F4DF4020F07F0017
:10854000D867D86FD3F888006FEA40506FEA505070
:10855000C3F88800D3F88800C0F30A00C3F8880085
:10856000D3F88800D3F89000C3F89010D3F89000A7
:10857000C3F89020D3F89000D3F89400C3F8941077
:10858000D3F89400C3F89420D3F89400D3F898005B
:10859000C3F89810D3F89800C3F89820D3F898003F
:1085A000D3F88C00C3F88C10D3F88C00C3F88C205F
:1085B000D3F88C00D3F89C00C3F89C10D3F89C101F
:1085C000C3F89C20D3F89C30FCF7F4F9BDE80840D0
:1085D00000F0FCB80044025808B50122534BC3F820
:1085E0000821534BD3F8F42042F00202C3F8F420E0
:1085F000D3F81C2142F00202C3F81C210222D3F856
:108600001C314C4BDA605A689104FCD54A4A1A6016
:1086100001229A60494ADA6000221A614FF440420E
:108620009A61444B9A699204FCD51A6842F48072AC
:108630001A603F4B1A6F12F4407F04D04FF480321F
:108640001A6700221A671A6842F001021A60384B52
:108650001A685007FCD500221A611A6912F0380214
:10866000FBD1012119604FF0804159605A67344AAB
:10867000DA62344A1A611A6842F480321A602C4B6A
:108680001A689103FCD51A6842F480521A601A687D
:108690009204FCD52C4A2D499A6200225A63196330
:1086A00001F57C01DA6301F2E71199635A64284A03
:1086B0001A64284ADA621A6842F0A8521A601C4BFF
:1086C0001A6802F02852B2F1285FF9D148229A6163
:1086D0004FF48862DA6140221A621F4ADA641F4A44
:1086E0001A651F4A5A651F4A9A6532231E4A13604B
:1086F000136803F00F03022BFAD10D4A136943F0FC
:1087000003031361136903F03803182BFAD14FF0F8
:108710000050FFF7D5FE4FF08040FFF7D1FE4FF03D
:108720000040BDE80840FFF7CBBE00BF008000510D
:10873000004402580048025800C000F00200000146
:108740000000FF0100889008222040006302090118
:10875000470E0508DD0BBF012000002000000110BE
:108760000910E000000101100020005208B5034884
:10877000FCF7F6FCBDE80840FFF7AAB8C8360020B1
:1087800008B50348FCF7F0FDBDE80840FFF7A0B8C6
:108790002039002008B50348FCF7E6FDBDE8084095
:1087A000FFF796B88C39002008B50348FCF7DCFDCC
:1087B000BDE80840FFF78CB8F839002008B500F094
:1087C00095FCBDE80840FFF783B8000008B5092113
:1087D0007A20FCF74FFE09217C20FCF74BFE072195
:1087E0003220FCF747FE0C212720FCF743FE0C212A
:1087F0003520FCF73FFE0C215220BDE80840FCF775
:1088000039BE000008B5FFF76BFE00F043FCFDF732
:1088100011FAFDF7AFF9FDF7E7FBFDF7B9FAFEF73F
:108820008BFABDE8084000F029BA000030B50433E7
:10883000039C0172002104FB0325C160C0E90653BB
:10884000049B0363059BC0E90000C0E90422C0E962
:108850000842C0E90A11436330BD00000022416AAA
:10886000C260C0E90411C0E90A226FF00101FDF7FE
:10887000D9BF0000D0E90432934201D1C2680AB9DD
:10888000181D704700207047036919600021C268F5
:108890000132C260C269134482699342036124BFFA
:1088A000436A0361FDF7B2BF38B504460D46E3687D
:1088B0003BB162690020131D1268A3621344E36296
:1088C00007E0237A33B929462046FDF78FFF0028B9
:1088D000EDDA38BD6FF00100FBE70000C368C26944
:1088E000013BC3604369134482699342436124BFDF
:1088F000436A436100238362036B03B118477047E7
:1089000070B53023044683F31188866A3EB9FFF7B9
:10891000CBFF054618B186F31188284670BDA36ABF
:10892000E26A13F8015B9342A36202D32046FFF789
:10893000D5FF002383F31188EFE700002DE9F84FFE
:1089400004460E46174698464FF0300989F31188C1
:108950000025AA46D4F828B0BBF1000F09D1414642
:108960002046FFF7A1FF20B18BF311882846BDE810
:10897000F88FD4E90A12A7EB050B521A934528BFCA
:108980009346BBF1400F1BD9334601F1400251F829
:10899000040B914243F8040BF9D1A36A40364035E9
:1089A0004033A362D4E90A239A4202D32046FFF758
:1089B00095FF8AF31188BD42D8D289F31188C9E79F
:1089C00030465A46F9F790F9A36A5E445D445B4429
:1089D000A362E7E710B5029C0433017203FB042194
:1089E000C460C0E906130023C0E90A33039B036394
:1089F000049BC0E90000C0E90422C0E908424363C7
:108A000010BD0000026A6FF00101C260426AC0E955
:108A100004220022C0E90A22FDF704BFD0E90423A2
:108A20009A4201D1C26822B9184650F8043B0B6043
:108A3000704700231846FAE7C3680021C269013372
:108A4000C3604369134482699342436124BF436A0C
:108A50004361FDF7DBBE000038B504460D46E36810
:108A60003BB1236900201A1DA262E2691344E3624C
:108A700007E0237A33B929462046FDF7B7FE0028E0
:108A8000EDDA38BD6FF00100FBE700000369196003
:108A9000C268013AC260C2691344826993420361A9
:108AA00024BF436A036100238362036B03B1184749
:108AB0007047000070B530230D460446114683F31D
:108AC0001188866A2EB9FFF7C7FF10B186F31188A7
:108AD00070BDA36A1D70A36AE26A01339342A36268
:108AE00004D3E16920460439FFF7D0FF002080F36A
:108AF0001188EDE72DE9F84F04460D46904699465A
:108B00004FF0300A8AF311880026B346A76A4FB99E
:108B100049462046FFF7A0FF20B187F31188304671
:108B2000BDE8F88FD4E90A073A1AA8EB060797427E
:108B300028BF1746402F1BD905F1400355F8042BD9
:108B40009D4240F8042BF9D1A36A40364033A3621A
:108B5000D4E90A239A4204D3E16920460439FFF795
:108B600095FF8BF311884645D9D28AF31188CDE75A
:108B700029463A46F9F7B8F8A36A3D443E443B44D7
:108B8000A362E5E7D0E904239A4217D1C3689BB1F9
:108B9000836A8BB1043B9B1A0ED01360C368013B00
:108BA000C360C3691A4483699A42026124BF436A5D
:108BB0000361002383620123184670470023FBE70B
:108BC00001F01F03F0B502F01F0456095A1C0123DF
:108BD000B6EB511F50F8265003FA02F34FEA511733
:108BE00003F1FF333DBF50F82720C4F120001340AC
:108BF00003EA05003BBF03FA00F225FA04F0E04067
:108C00001043F0BD70B57E227F210546FFF7D8FFE7
:108C100018B1012819D0002070BD3E2249212846F4
:108C2000FFF7CEFF2F22044631212846FFF7C8FF69
:108C3000064601345022023653212846B440FFF73D
:108C4000BFFF093804FA00F0E6E730224521284644
:108C5000FFF7B6FF01308002DEE7000090F8D63063
:108C600090F8D7201B0403EB026390F8D42090F80F
:108C7000D500134403EB00207047000000F00CBA4D
:108C8000014B586A704700BF000C0040034B0022A4
:108C900058631A610222DA60704700BF000C00407E
:108CA000014B0022DA607047000C0040014B586312
:108CB000704700BF000C0040024B034A1A60034A91
:108CC0005A6070478C660020B866002000000220C1
:108CD000074B494210B55C68201A08401968821A8F
:108CE0008A4203D3A24201D85A6010BD0020FCE79B
:108CF0008C66002008B5302383F31188FFF7E8FF66
:108D0000002383F3118808BD0448054B036000234A
:108D1000C0E901330C3000F017B900BF94660020A1
:108D2000F58C0008CB1D083A23F00703591A521A94
:108D300010B4D2080024C0E9004384600C301C60E9
:108D40005A605DF8044B00F0FFB800002DE9F74FC2
:108D5000364FCD1D8846002818BF0746082A4FEA1F
:108D6000D50538BF082207F10C003C1D9146019043
:108D700000F02CF9019809F10701C9F1000E224613
:108D8000246864B900F02CF93B68CBB3082249464B
:108D9000E8009847044698B340E9027830E004EBD5
:108DA000010CD4F804A00CEA0E0C0AF10106ACF197
:108DB000080304EBC6069E42E1D9A6EB0C0CB5EB0A
:108DC000EC0F4FEAEC0BDAD89C421DD204F10802FA
:108DD000AB45A3EB02024FEAE202626009D9691CCB
:108DE000ED4303EBC1025D445560256843F8315003
:108DF00022601C46C3F8048044F8087B00F0F0F8B9
:108E0000204603B0BDE8F08FAA45216802D1116069
:108E10002346EEE7013504EBC50344F8351003F1B2
:108E20000801761AF6105E601360F1E79466002080
:108E300073B50446A0F1080550F8080C54F8043C3A
:108E4000061D0C3007330190DB0844F8043C00F0A9
:108E5000BDF8334601989E421A6801D0AB4228D231
:108E60000AB1954225D244F8082C54F8042C1D6010
:108E7000013254F8081C05EBC206B14206D14E6817
:108E8000324444F8042C0A6844F8082C5E68711CCB
:108E900003EBC1018D4207D154F8042C0132324456
:108EA0005A6054F8082C1A6002B0BDE8704000F017
:108EB00097B81346CFE70000FEE7000070B51E4BE1
:108EC0000025044686B058600E4605638163FEF7B0
:108ED000D7FC04F12803A5606563C4E90A3304F1F3
:108EE0001003C4E904334FF0FF33C4E90044C4E97C
:108EF0000635FFF7C5FE2B46024604F13C0120462D
:108F0000C4E9082380230D4A6567FDF7E9FB736810
:108F1000E0600B4A03620123009280F82430684627
:108F2000F26801923269CDE90223064BCDE904359E
:108F3000FDF70AFC06B070BD10490020F09B000848
:108F4000E89B0008B98E00080023C0E90000836098
:108F50000361704770B51C4B05468468DE685CB3DE
:108F6000B44213D103690133036170BDA36094F867
:108F7000243083B1062B15D1A06A2146D4E90032F2
:108F800013605A60FDF708FBA36A9C68B368A26887
:108F90009A42EBD306E0D4E90032204613605A60CF
:108FA000FDF70AFB28463146FDF7F6FAB5620620C2
:108FB000BDE87040FDF702BB0369866001330361C1
:108FC000336BC3603063D0E76846002008B53023B8
:108FD00083F31188FFF7BEFF002383F3118808BDD8
:108FE000194BD96883688B4210B520D1302383F3A5
:108FF00011880269013A0261B2B90468C368A042EB
:109000000B631ED04A6B9BB901238A60036103681E
:109010001A68026050601A6B8360C2601863184659
:10902000FDF7CAFAFDF72AFB002383F3118810BD70
:109030001C68A34203D0A468A24238BF2246DB6862
:10904000E1E78260F0E700BF68460020024A536B08
:1090500018435063704700BF6846002038B5EFF3EF
:1090600011859DB9EFF30584C4F30804302334B1AE
:1090700083F31188FDF70EFD85F3118838BD83F366
:109080001188FDF707FD84F3118838BDBDE838402D
:10909000FDF700BD70470000114BD3F8E82042F007
:1090A0000802C3F8E820D3F8102142F00802C3F800
:1090B00010210C4AD3F81031D36B43F00803D3636B
:1090C000C722094B9A624FF0FF32DA6200229A619E
:1090D0005A63DA605A6001225A611A60704700BF11
:1090E000004402580010005C000C0040094A08B51A
:1090F0001169D3680B40D9B29B076FEA0101116176
:1091000007D5302383F31188FDF7DEFA002383F3BC
:10911000118808BD000C004010B50139024490428E
:1091200001D1002005E0037811F8014FA34201D0DE
:10913000181B10BD0130F2E7884210B501EB0204A4
:1091400002D98442234607D8431EA14208D011F811
:10915000012B03F8012FF8E7024401468A4200D1AF
:1091600010BD13F8014D02F8014DF7E7C9B20346EF
:1091700010F8012B1AB18A42F9D11846704700291C
:1091800018BF0023F9E70000034611F8012B03F88C
:10919000012B002AF9D1704710B50139034632B1CD
:1091A00011F8014F03F8014B013A002CF7D11A4492
:1091B0000021934200D110BD03F8011BF9E7000024
:1091C0006666346533316633383734363533346464
:1091D0000000000012100000121100001213000025
:1091E0004D4435002D2D0A002F6172647570696C35
:1091F0006F742E6162696E002F6172647570696CA4
:109200006F742D7665726966792E6162696E002FC2
:109210006172647570696C6F742D666C6173682E11
:109220006162696E002F6172647570696C6F742D74
:10923000666C61736865642E6162696E000000008F
:109240000000000000000000150F0008D90F000802
:1092500029110008190F0008D10F000800000000B4
:1092600000000000110F0008E50F00086111000860
:109270000D0F0008410F000853544D333248373F5B
:109280003F3F0053544D3332483733782F373278CD
:109290000053544D3332483734332F3735332F375B
:1092A0003530000001105A00031059000120580009
:1092B000032056002F0000005375636365737366C7
:1092C000756C6C79206D6F756E74656420534443C2
:1092D0006172642028736C6F77646F776E3D2575BB
:1092E000290A0000EB769045584641542020200082
:1092F0004641543332202020000000002A3A3C3EF0
:109300007C223F7F002B2C3B3D5B5D00435545415C
:109310004141414345454549494941414592924F63
:109320004F4F5555594F554F9C4F9E9F41494F5553
:10933000A5A5A6A7A8A9AAABACADAEAFB0B1B2B374
:10934000B4414141B8B9BABBBCBDBEBFC0C1C2C3C4
:10935000C4C54141C8C9CACBCCCDCECFD1D145457A
:109360004549494949D9DADBDCDD49DF4FE14F4F57
:109370004F4FE6E8E85555555959EEEFF0F1F2F345
:10938000F4F5F6F7F8F9FAFBFCFDFEFF010305071B
:10939000090E10121416181C1E00000061001A039A
:1093A000E0001703F8000703FF0001007801000147
:1093B000300132010601390110014A012E01790103
:1093C000060180014D004302810182018201840176
:1093D000840186018701870189018A018B018B0144
:1093E0008D018E018F0190019101910193019401F2
:1093F000F60196019701980198013D029B019C019D
:109400009D0120029F01A001A001A201A201A401CF
:10941000A401A601A701A701A901AA01AB01AC0102
:10942000AC01AE01AF01AF01B101B201B301B301B3
:10943000B501B501B701B801B801BA01BB01BC0162
:10944000BC01BE01F701C001C101C201C301C401D9
:10945000C501C401C701C801C701CA01CB01CA01C6
:10946000CD011001DD0101008E01DE011201F301C9
:109470000300F101F401F401F801280122021201B4
:109480003A020900652C3B023B023D02662C3F027A
:1094900040024102410246020A015302400081019A
:1094A0008601550289018A0158028F015A029001F2
:1094B0005C025D025E025F0293016102620294013E
:1094C0006402650266026702970196016A02622CD5
:1094D0006C026D026E029C01700271029D017302AA
:1094E00074029F0176027702780279027A027B0287
:1094F0007C02642C7E027F02A60181028202A90105
:109500008402850286028702AE014402B101B201E3
:1095100045028D028E028F0290029102B7017B03F9
:109520000300FD03FE03FF03AC030400860388036E
:1095300089038A03B1031103C2030200A303A30337
:10954000C4030803CC0303008C038E038F03D803EA
:109550001801F2030A00F903F303F403F503F60319
:10956000F703F703F903FA03FA0330042003500466
:109570001007600422018A043601C1040E01CF04E1
:109580000100C004D004440161052604000000006D
:109590007D1D0100632C001E9601A01E5A01001FB4
:1095A0000806101F0606201F0806301F0806401F69
:1095B0000606511F0700591F521F5B1F541F5D1FD6
:1095C000561F5F1F601F0806701F0E00BA1FBB1FCB
:1095D000C81FC91FCA1FCB1FDA1FDB1FF81FF91FC7
:1095E000EA1FEB1FFA1FFB1F801F0806901F0806CB
:1095F000A01F0806B01F0400B81FB91FB21FBC1F70
:10960000CC1F0100C31FD01F0206E01F0206E51F8A
:109610000100EC1FF31F0100FC1F4E21010032214D
:1096200070211002842101008321D0241A05302CDE
:109630002F04602C0201672C0601752C0201802C7E
:109640006401002D260841FF1A030000C700FC003A
:10965000E900E200E400E000E500E700EA00EB00DA
:10966000E800EF00EE00EC00C400C500C900E60011
:10967000C600F400F600F200FB00F900FF00D6007F
:10968000DC00F800A300D800D7009201E100ED0053
:10969000F300FA00F100D100AA00BA00BF00AE004A
:1096A000AC00BD00BC00A100AB00BB009125922521
:1096B000932502252425C100C200C000A90063250E
:1096C000512557255D25A200A50010251425342518
:1096D0002C251C2500253C25E300C3005A255425D4
:1096E00069256625602550256C25A400F000D00072
:1096F000CA00CB00C8003101CD00CE00CF00182534
:109700000C2588258425A600CC008025D300DF0009
:10971000D400D200F500D500B500FE00DE00DA006E
:10972000DB00D900FD00DD00AF00B400AD00B100EA
:109730001720BE00B600A700F700B800B000A800D0
:10974000B700B900B300B200A025A000100002408D
:10975000080002400008024000000B002800024000
:10976000080002400408024006010C0040000240CC
:10977000080002400808024010020D005800024094
:10978000080002400C08024016030E007000024060
:109790000C0002401008024000040F008800024044
:1097A0000C0002401408024006051000A000024010
:1097B0000C0002401808024010061100B8000240D8
:1097C0000C0002401C08024016072F001004024043
:1097D0000804024020080240000838002804024023
:1097E00008040240240802400609390040040240EF
:1097F0000804024028080240100A3A0058040240B7
:10980000080402402C080240160B3B007004024082
:109810000C04024030080240000C3C008804024066
:109820000C04024034080240060D4400A00402402B
:109830000C04024038080240100E4500B8040240F3
:109840000C0402403C080240160F460001000000D4
:109850000000000000960000000000000000000072
:1098600000000000000000000000000000000000F8
:10987000316D0008356D000809580008415B00088B
:109880009D570008C5570008ED5700088557000888
:1098900000000000F55B0008E15B00081D5C0008AB
:1098A000095C0008155C0008015C0008ED5B00081D
:1098B000D95B0008295C0008000000000D5D00086D
:1098C000F95C0008355D0008215D00082D5D000889
:1098D000195D0008055D0008F15C0008415D0008A5
:1098E00000000000010000000000000063300000E4
:1098F000EC9800080000000000000000E046002096
:10990000104900200000802A00020000AAAAAAAA8A
:1099100000000024FFFF00000000000000A00A007B
:10992000000200A000000000AAAAAAAA000100509C
:10993000FFFF000000000900000000990000000681
:1099400000000000AAAAAAAA00000001FFFF000070
:10995000000000000000080020A00A000000000035
:10996000AAAAAAAA10400500FFFF0000000800BB39
:10997000770000004045020038000000AAAAAAAA09
:1099800000000100FFFF00000000000007000000D1
:109990000020000000000000AAAAAAAA00100000EF
:1099A000FFFF0000000000070000000000419000E1
:1099B00000000000AAAAAAAA00404000EFFB000095
:1099C0000000000000A000000004004000000000B3
:1099D000AAAAAAAA00040040FFFF0000000000009D
:1099E000000000000000100000000000AAAAAAAABF
:1099F00000001000FFFF0000000000000000000059
:109A00000010400100000000AAAAAAAA001040010C
:109A1000FFFF000000000000000000000000000048
:109A200000000000AAAAAAAA00000000FFFF000090
:109A300000000000000000004172647550696C6F06
:109A4000740025424F415244252D424C0025534578
:109A50005249414C250000000200000000000000B7
:109A60002D5F00089D5F000840004000C06100209D
:109A7000D061002002000000000000000300000090
:109A800000000000E55F000800000000100000007A
:109A9000E061002000000000010000000000000064
:109AA0003C650020010102002D6E00083D6D00089C
:109AB000D96D0008BD6D000843000000C09A000881
:109AC00009024300020100C0320904000001020241
:109AD00001000524001001052401000104240202F4
:109AE0000524060001070582030800FF09040100A0
:109AF000020A00000007050102400000070581027C
:109B000040000000120000000C9B00081201100130
:109B10000200004009124157000201020301000047
:109B20000403090425424F41524425004355415640
:109B30002D5832352D535550455200303132333483
:109B4000353637383941424344454600000000204D
:109B500000000200020000000000003000000400CD
:109B600008000000000000240000080004000000BD
:109B70000004000000FC00000200000000000430AF
:109B80000080000008000000000000380000010014
:109B9000010000001F1C1F1E1F1E1F1F1E1F1E1F57
:109BA0001F1D1F1E1F1E1F1F1E1F1E1F0000000047
:109BB00041610008F9630008A56400084000400006
:109BC0007466002074660020010000008466002096
:109BD00080000000400100000800000000010000BB
:109BE000001000000800000069646C6500000000BF
:109BF0006D61696E002C0438040438080C10141CC4
:109C00002024252600000000000064040100040058
:109C100000000000000C0010283034004C68FF7F6A
:109C200001000000FFFFFFFF5B1B000000000000C1
:109C300000001E0000000000FF0000001849002086
:109C4000F83900208C390020203900200000000065
:109C500078920008830400008392000850040000FA
:109C60009192000801000000000000000096000032
:109C7000000008009600000000080000040000003A
:109C8000209B000800000000000000000000000011
:0C9C9000000000000000000000000000C8
:00000001FF
