:020000040800F2
:1000000000060020E1020008E3020008E302000805
:10001000E3020008E3020008E3020008E30200082C
:10002000E3020008E3020008E302000889790008FF
:10003000E3020008E3020008E3020008E30200080C
:10004000E3020008E3020008E3020008E3020008FC
:10005000E3020008E3020008E3020008E3020008EC
:10006000E3020008E3020008E30200082948000850
:10007000514800087D480008A9480008D5480008F4
:10008000FD48000829490008E3020008E3020008CF
:10009000E3020008E3020008E3020008E3020008AC
:1000A000E3020008E3020008E3020008E30200089C
:1000B000E3020008E3020008E3020008E30200088C
:1000C000E3020008E3020008E3020008E30200087C
:1000D000E3020008E3020008E3020008A988000820
:1000E000E3020008E3020008E3020008E30200085C
:1000F000E3020008E3020008E30200085549000893
:10010000E3020008E3020008E5880008E3020008B3
:10011000E3020008BD880008E3020008E3020008CB
:1001200081490008A9490008D5490008014A00088A
:100130002D4A0008E3020008E3020008E302000879
:10014000E3020008E3020008E3020008E3020008FB
:10015000554A0008814A0008AD4A0008E302000839
:10016000E3020008E3020008E3020008E3020008DB
:10017000E302000875850008E3020008E3020008B6
:10018000E3020008E3020008D1880008E302000847
:10019000E3020008E3020008E3020008E3020008AB
:1001A000E3020008E3020008E3020008E30200089B
:1001B000E3020008E3020008E3020008E30200088B
:1001C000E3020008E3020008E3020008E30200087B
:1001D000E302000861850008E3020008E30200086A
:1001E000E3020008E3020008E3020008E30200085B
:1001F000E3020008E3020008E3020008E30200084B
:10020000E3020008E3020008E3020008E30200083A
:10021000E3020008E3020008E3020008E30200082A
:10022000E3020008E3020008E3020008E30200081A
:1002300095880008E3020008E3020008E3020008D2
:10024000E3020008E3020008E3020008E3020008FA
:10025000E3020008E3020008E3020008E3020008EA
:10026000E3020008E3020008E3020008E3020008DA
:10027000E3020008E3020008E3020008E3020008CA
:10028000E3020008E3020008E3020008E3020008BA
:10029000E3020008E3020008E3020008E3020008AA
:1002A000E3020008E3020008E3020008E30200089A
:1002B000E3020008E3020008E3020008E30200088A
:1002C000E3020008E3020008E3020008E30200087A
:1002D000E3020008E3020008E3020008E30200086A
:1002E00002E000F000F8FEE772B6374880F30888B5
:1002F000364880F3098836483649086040F20000E5
:10030000CCF200004EF63471CEF200010860BFF36B
:100310004F8FBFF36F8F40F20000C0F2F0004EF637
:100320008851CEF200010860BFF34F8FBFF36F8F8B
:100330004FF00000E1EE100A4EF63C71CEF20001E3
:100340000860062080F31488BFF36F8F07F07EFBF0
:1003500006F0D2FC4FF055301F491B4A91423CBF7A
:1003600041F8040BFAE71D49184A91423CBF41F895
:10037000040BFAE71A491B4A1B4B9A423EBF51F83D
:10038000040B42F8040BF8E700201849184A914280
:100390003CBF41F8040BFAE707F096FB06F030FD8E
:1003A000144C154DAC4203DA54F8041B8847F9E7A6
:1003B00000F0C4F9114C124DAC4203DA54F8041B9E
:1003C0008847F9E707F07EBB0006002000220020E6
:1003D0000000000808ED00E00000002000060020FA
:1003E000B09D000800220020742200207822002006
:1003F000B4660020E0020008E0020008E002000805
:10040000E00200082DE9F04F2DED108AC1F80CD064
:10041000D0F80CD0BDEC108ABDE8F08F002383F338
:1004200011882846A047002006F048FAFEE706F0AB
:100430009BF900DFFEE7000053B94AB9002908BF65
:1004400000281CBF4FF0FF314FF0FF3000F074B9AF
:10045000ADF1080C6DE904CE00F006F8DDF804E01B
:10046000DDE9022304B070472DE9F047089D0446FA
:100470008E46002B4DD18A42944669D9B2FA82F257
:1004800052B101FA02F3C2F1200120FA01F10CFA93
:1004900002FC41EA030E94404FEA1C48210CBEFBCB
:1004A000F8F61FFA8CF708FB16E341EA034306FB54
:1004B00007F199420AD91CEB030306F1FF3080F0E3
:1004C0001F81994240F21C81023E63445B1AA4B230
:1004D000B3FBF8F008FB103344EA034400FB07F7D2
:1004E000A7420AD91CEB040400F1FF3380F00A8113
:1004F000A74240F207816444023840EA0640E41B08
:1005000000261DB1D4400023C5E900433146BDE8B3
:10051000F0878B4209D9002D00F0EF800026C5E955
:10052000000130463146BDE8F087B3FA83F6002E6D
:100530004AD18B4202D3824200F2F980841A61EBE5
:10054000030301209E46002DE0D0C5E9004EDDE703
:1005500002B9FFDEB2FA82F2002A40F09280A1EBEB
:100560000C014FEA1C471FFA8CFE0126200CB1FB40
:10057000F7F307FB131140EA01410EFB03F0884239
:1005800008D91CEB010103F1FF3802D2884200F2C6
:10059000CB804346091AA4B2B1FBF7F007FB101158
:1005A00044EA01440EFB00FEA64508D91CEB0404F6
:1005B00000F1FF3102D2A64500F2BB800846A4EB51
:1005C0000E0440EA03409CE7C6F12007B34022FA3C
:1005D00007FC4CEA030C20FA07F401FA06F31C436B
:1005E000F9404FEA1C4900FA06F3B1FBF9F8200C78
:1005F0001FFA8CFE09FB181140EA014108FB0EF0BE
:10060000884202FA06F20BD91CEB010108F1FF3A0D
:1006100080F08880884240F28580A8F10208614419
:10062000091AA4B2B1FBF9F009FB101144EA014127
:1006300000FB0EFE8E4508D91CEB010100F1FF34D2
:100640006CD28E456AD90238614440EA0840A0FB6A
:100650000294A1EB0E01A142C846A64656D353D040
:100660005DB1B3EB080261EB0E0101FA07F722FA64
:1006700006F3F1401F43C5E9007100263146BDE88D
:10068000F087C2F12003D8400CFA02FC21FA03F3F0
:10069000914001434FEA1C471FFA8CFEB3FBF7F071
:1006A00007FB10360B0C43EA064300FB0EF69E4296
:1006B00004FA02F408D91CEB030300F1FF382FD22F
:1006C0009E422DD9023863449B1B89B2B3FBF7F6D7
:1006D00007FB163341EA034106FB0EF38B4208D9B0
:1006E0001CEB010106F1FF3816D28B4214D9023EF1
:1006F0006144C91A46EA004638E72E46284605E70F
:100700000646E3E61846F8E64B45A9D2B9EB0208DF
:1007100064EB0C0E0138A3E74646EAE7204694E76F
:100720004046D1E7D0467BE7023B614432E73046A2
:1007300009E76444023842E7704700BF38B501F06A
:10074000FFF901F0C1FB06F0FBFF054607F00EF9CB
:10075000044610BB134B9D4221D001339D4241F210
:10076000883504BF0124002501F05CFC20B1002580
:10077000032000F067F82C46002006F0EBFF0CB1D8
:1007800000F076F801F040FB00F01EFD08B100F02B
:100790006FF8284600F026F9F9E70025E4E705465A
:1007A000E2E700BF010007B008B501F095F9A0F13C
:1007B00020035842584108BD07B5042101900DEBB4
:1007C000010001F0A7F903B05DF804FB38B5302350
:1007D00083F31188174803680BB106F053F900231F
:1007E000154A4FF47A71134806F042F9002383F357
:1007F0001188124C236813B12368013B236063689E
:1008000013B16368013B63600D4D2B7833B96368A6
:100810007BB9022001F05AFA322363602B78032B54
:1008200007D163682BB9022001F050FA4FF47A73B4
:10083000636038BD78220020CD070008982300208F
:1008400090220020084B187003280CD8DFE800F035
:1008500008050208022001F02BBA022001F018BAA4
:10086000024B00225A6070479022002098230020FB
:10087000F8B501F0D7FB30B1524B03221A700022B9
:10088000514B5A60F8BD514B514A1C461968013111
:10089000F8D004339342F9D162684E4B9A42F1D9B1
:1008A0004D4B9B6803F1006303F500339A42E9D294
:1008B000002001F05FF90220FFF7C4FF474B002141
:1008C000D3F8E820C3F8E810D3F81021C3F81011CA
:1008D000D3F81021D3F8EC20C3F8EC10D3F814218E
:1008E000C3F81411D3F81421D3F8F020C3F8F01092
:1008F000D3F81821C3F81811D3F81821D3F88020A1
:1009000042F00062C3F88020D3F8802022F0006219
:10091000C3F88020D3F88020D3F8802042F0007202
:10092000C3F88020D3F8802022F00072C3F8802022
:10093000D3F8803072B64FF0E023C3F8084DD4E905
:100940000004BFF34F8FBFF36F8F254AC2F88410A6
:10095000BFF34F8F536923F480335361BFF34F8F3D
:10096000D2F8803043F6E076C3F3C905C3F34E33C3
:100970005B0103EA060C29464CEA81770139C2F88B
:100980007472F9D2203B13F1200FF2D1BFF34F8FD5
:10099000BFF36F8FBFF34F8FBFF36F8F536923F494
:1009A000003353610023C2F85032BFF34F8FBFF3BF
:1009B0006F8F302383F31188854680F308882047A2
:1009C00060E700BF9022002098230020000002086A
:1009D00020000208FFFF0108002200200044025806
:1009E00000ED00E02DE9F04F95B0DFF8D89220221D
:1009F000FF21029004A8D9F8085001F0AFF9A84AE5
:100A00001378A3B90121A74811700360302383F341
:100A1000118803680BB106F035F80023A24A4FF4A1
:100A20007A71A04806F024F8002383F31188029B12
:100A300013B19E4B029A1A609D4A1378032B03D080
:100A400000231370994A53604FF0000B029C5E46DE
:100A5000DA46CDF804B0012001F02AF924B1934B15
:100A60001B68002B00F02882002001F035F8B0F15F
:100A70000008F3DB012001F00BF9A8F121031F2B83
:100A8000E9D801A252F823F0090B0008250B000851
:100A9000B30B0008570A0008570A0008570A000855
:100AA0003D0C00082F0E0008210D00087D0D0008E8
:100AB000A30D0008C90D0008570A0008DB0D000847
:100AC000FF0D0008770E0008910B0008570A000878
:100AD000BF0E0008150B0008910B0008570A00080C
:100AE0007D0D0008570A0008570A0008570A000839
:100AF000570A0008570A0008570A0008570A000852
:100B0000570A0008B30B00080220FFF74DFE00282B
:100B100040F0FF81029B02216648BBF1000F08BF35
:100B20001C4640E04FF47A7000F0D6FF071EF1DB60
:100B30000220FFF739FE0028ECD0013F052F00F21C
:100B4000EA81DFE807F003070A0D10330520FFF7FD
:100B500033FE14E0D9F80000F9E7D9F80400F6E70D
:100B6000D9F80800F3E74FF01C08404608F10408E4
:100B700001F002F8FFF720FEB8F12C0FF5D10120AB
:100B8000019B4FF0000A00FA07F71F43FBB20193E5
:100B900001F030F92EB1019B03F00B030B2B08BFC2
:100BA00000240221444800F0B5FF54E7D9F80C00B6
:100BB000CDE7002EAED0019B03F00B030B2BA9D188
:100BC0000220FFF7F1FD07460028A3D001200026F0
:100BD00000F0D0FF0220FFF735FE1FFA86FB5846D3
:100BE00000F0D8FF044688B1A8F14002584601360B
:100BF0005142514100F0DEFF0028EED1BB460446D1
:100C000002212E483E4600F085FF24E725460120BC
:100C1000FFF718FED9F80830AB4207D9284600F094
:100C2000ABFF013040F07A810435F3E70025204B1B
:100C3000BB463E461D701D4B5D60A9E7002E3FF48C
:100C400069AF019B03F00B030B2B7FF463AF022012
:100C5000FFF7F8FD322000F03FFFB0F10008FFF68B
:100C600059AF18F003077FF455AF08EB0503D9F827
:100C7000082093423FF64EAFB8F5807F3FF74AAF6A
:100C80000F4BB84503931FDD4FF47A7000F024FF3B
:100C90000028FFF63FAF039B013703F8010BF0E795
:100CA0009423002078220020CD07000898230020FC
:100CB00090220020489300084093000844930008C5
:100CC0009422002000220020C820FFF76DFD074677
:100CD00000283FF41FAF1F2D11D8C5F1200204AB2F
:100CE00025F003008F494245184428BF424603922D
:100CF00001F00EF8039AFF218A4801F02FF84FEA1D
:100D0000A803C8F3870287492846039301F02EF809
:100D1000064600283FF474AF039B05EB830537E7D5
:100D20000220FFF741FD00283FF4F4AE00F060FF21
:100D300000283FF4EFAE0027B846D9F80830BB4290
:100D400018D91F2F11D8049B01330ED027F00303AD
:100D500014AA134453F8403C0C93404604220CA9B7
:100D6000043701F049F98046E7E7384600F004FF10
:100D70000C90F2E74046FFF71FFD09E700236421CE
:100D80000CA80C9300F0BCFE00287FF4C3AE022038
:100D9000FFF70AFD00283FF4BDAE0C9800F01EFFDF
:100DA000E9E7002364210CA80C9300F0A9FE0028B9
:100DB0007FF4B0AE0220FFF7F7FC00283FF4AAAEA4
:100DC0000C9800F00DFFD6E70220FFF7EDFC00289D
:100DD0003FF4A0AE00F01CFFCDE70220FFF7E4FCDB
:100DE00000283FF497AE0CA9142000F017FF0390E1
:100DF000FFF7E2FC03990CA800F08CFEC8E6022085
:100E0000FFF7D2FC00283FF485AE474B0CAF03F14F
:100E1000100C1868083353F8041C3A46634503C2A3
:100E20001746F6D11020FFF7C7FC1021E3E7322068
:100E300000F052FE071EFFF66DAEBB077FF46AAEF0
:100E400007EB0A03D9F8082093423FF663AE02206D
:100E5000FFF7AAFC00283FF45DAE27F003075744D4
:100E6000BA453FF495AE50460AF1040A00F084FEFC
:100E7000FFF7A2FCF4E74FF47A70FFF795FC002827
:100E80003FF448AE00F0B4FE002849D0049B013383
:100E90000BD0082204A9002000F068FF00283FD0F2
:100EA0002022FF2104A800F059FF2048022100F071
:100EB00031FE1F4805F008FD15B0BDE8F08F002E8B
:100EC0003FF428AE019B03F00B030B2B7FF422AE03
:100ED000002364210CA80C9300F012FE07460028A2
:100EE0007FF418AE0220FFF75FFC804600283FF435
:100EF00011AE02210D4800F00DFE41F2883005F0E0
:100F0000E3FC0C9800F0BEFF46463C4600F072FF42
:100F1000A1E506463CE64FF0000AFBE5BB466FE65E
:100F200037466DE6942200202C9300084093000879
:100F3000A086010070470000704700007047000065
:100F400038B50546144608460322064900F0EAFE75
:100F500038B905F1080220461021BDE8384001F0FB
:100F6000F5B838BD4C9300082DE9F04100F5803705
:100F7000044616463B7C5BB9C0681030204400F044
:100F8000C7FEE5683544B5F5004FE56002D816B1F7
:100F9000BDE8F081DEB905F07F0605F11000002103
:100FA000C6F180062044F6B232462E4400F0D6FE4A
:100FB000A06804F11008324600F10060414600F5D7
:100FC000003006F05DF930B901233B74E0E74FF4DF
:100FD00000463546ECE7A26805F110014046324470
:100FE0002144A260E268521BE26000F091FE022000
:100FF000BDE8F04100F06ABE183000F0B9BC000056
:1010000010B5044601F0CCF8204610BD10B50446DA
:1010100001F0C6F8204610BD2DE9F04FADF53F7D3B
:101020000746416801222AA802F0AAFF002840F0E2
:1010300087800646824681461125DFF80C81DFF85D
:101040000CB101AB4FF4805241462AA803F0F8F8E6
:10105000002875D1019AB2F5805F71D8002A65D059
:101060000446019A9442ECD2282D0FD008DC132DAF
:101070002DD01E2D39D0112D13D00134A4B2F0E79C
:10108000322D2DD0372D2FD02D2DF6D13B68121BB0
:1010900008EB040138461B692D259847BDF804402C
:1010A000EBE7121B022A09D9594608EB040000F0AD
:1010B00039FE18B902342825A4B2DEE718F8043046
:1010C0003A2B3DD00A2B1CBFA1461325D5E718F8B3
:1010D00004300A2B34D03A2B04BFA2463225CCE789
:1010E00018F80430202BC8D0264618F804300A2BF4
:1010F0001AD1AAEB090208EB090102A811254F2A0F
:1011000028BF4F2208F0FEF8A21B08EB060116A824
:101110004F2A28BF4F2208F0F5F83B6816AA02A90B
:10112000DB6838469847A8E71E25A6E73B6838469F
:1011300004491B69984701200DF53F7DBDE8F08FFC
:101140000020F9E728940008A0230020509300080D
:1011500000F1180110B5044686B00846019100F070
:10116000F1FB2046FFF758FF60B1019902A800F09B
:1011700049FC102204F1080102A808F061F8B0FA55
:1011800080F0400906B010BD70B504460025EEB2EF
:10119000304600F0FFFC58B100213046013500F028
:1011A00009FD08B9002070BD022000F08FFDEEE7B8
:1011B0002046FFF731FF0028F4D004F58034207C6E
:1011C00080F00100EFE70000F0B5C9B006F0D0FAFA
:1011D00001F002F818B90025284649B0F0BD69466B
:1011E0002A4803F0EFF800284BD1294C204603F0A1
:1011F00019F9284803F016F9274803F013F9214696
:10120000224803F08BF90028E5D1702000F0C2FFDE
:10121000064610B1214B44600360336830469B683A
:101220009847054600282ED01A4F1948394603F032
:1012300075F905460028CED1194800F0ABFF0446E9
:1012400038B1184B4760036000F58033C0E90255A0
:101250001D74236820469B689847054628B10E49AF
:101260000C4803F05BF90028B5D1336830465B6861
:1012700098471CB1236820465B68984700F094FFAC
:10128000AAE70025FAE70446EFE700BF54930008F9
:10129000649300087B93000891930008B4930008BE
:1012A00014000100D09300082DE9F04FD44A8DB00E
:1012B0000B68D0F804A001931A440368D14E1A4475
:1012C000D1F81C90DFF8B4C3DFF8B4B3D0E902342E
:1012D000634003EA0A03634013444A6802920AEB3C
:1012E0007363029CC84A2244C468224484688AEA20
:1012F00004051D40654015448A68039203EB35558B
:10130000039CC24A2244846822448AEA03042C4093
:1013100084EA0A041444CA6805EBF43404921644BF
:1013200083EA0502224056445A4032440E6905962B
:1013300004EBB222059FB64E3E441E4485EA0403E8
:1013400013406B4033444E69069602EB7363069F6D
:10135000B04E3E442E4484EA02051D4065403544AB
:101360008E69079603EB3555079FAB4E3E442644E6
:1013700082EA03042C4054403444A84E4E4405EB0A
:10138000F434164483EA050222405A4032440E6A7D
:10139000089604EBB222089FA14E3E441E4485EA03
:1013A000040313406B4033444E6A099602EB7363A7
:1013B000099F9C4ED1F830E03E44D1F83880F34488
:1013C0002E4484EA02051D40654035448E6AA6F528
:1013D000244703EB35550A964F3F274482EA03041E
:1013E0002C4054403C44CF6A0B9705EBF4340B9EE1
:1013F0008D4F3744029E174483EA050222405A402B
:101400003A448A4F774404EBB2221F4485EA04032E
:1014100013406B403B444F6BBC4402EB7363654429
:1014200084EA020C0CEA030C8CEA040C6544DFF835
:1014300054C2C44403EB3555A44482EA03042C404F
:1014400054406444D1F83CC0794905EBF43461441C
:10145000114483EA050222405A400A44754904EBCC
:10146000B2223144079E194484EA02032B406340B0
:101470000B44714902EBF36331440B9E0D4482EA45
:1014800003012140514029446C4D03EBF151354497
:10149000019E254483EA010414405C402C44684DBD
:1014A00001EBB4443544069E154481EA04021A4017
:1014B0004A402A44634D04EB323235440A9E1D44AF
:1014C00084EA02030B4063402B445F4D02EBF3635D
:1014D0003544059E0D4482EA0301214051402944D0
:1014E0005A4D03EBF1516544254483EA010414404D
:1014F0005C402C44564D01EBB4443544099E1544E0
:1015000081EA04021A404A402A44524D04EB323226
:101510003544049E1D4484EA02030B4063402B447F
:101520004D4D02EBF36345440D4482EA0301214033
:1015300051402944494D03EBF1513544089E2C4458
:1015400083EA010515405D402C44454D01EBB44450
:101550003544039E2A4481EA04051D404D402A4437
:10156000404D04EB32323D442B4484EA020593445F
:101570000D4065402B443C4D02EBF3633544069E21
:10158000294482EA0305254055402944374D03EBA1
:10159000F1514D442C4483EA010515405D4025443A
:1015A00001EBB54581EA050404EA03024A405A44C6
:1015B000A6F5B82B089E05EB3232ABF2BE6B544059
:1015C0005B4423442A4C344402EB33730B9E0C449B
:1015D00085EA020159402144264C344403EB715101
:1015E000029E254482EA03044C402544224C444494
:1015F00001EB3545144483EA01026A40224443E08A
:1016000078A46AD7EECEBDC156B7C7E8DB702024F8
:10161000AF0F7CF52AC68747134630A8019546FDD3
:10162000D8988069AFF7448BBED75C892211906B44
:101630002108B44962251EF640B340C0515A5E26C7
:10164000AAC7B6E95D102FD65314440281E6A1D88B
:10165000C8FBD3E7E6CDE121D60737C3870DD5F424
:10166000ED145A4505E9E3A9F8A3EFFCD9026F6729
:1016700081F6718722619D6D0C38E5FD937198FDAF
:101680008A4C2A8D8E4379A6934C344405EB722202
:10169000059E1C4481EA0503534023448F4C344487
:1016A00002EB33730A9E0C4485EA0201594021443F
:1016B0008B4C4C4403EB7151254482EA03044C40AB
:1016C0002C44884D354401EB3444019E154483EA93
:1016D000010262402A44844D3D4404EB72221D44C1
:1016E00081EA040353402B44804D354402EB3373AD
:1016F000049E294484EA02055D4029447C4D35441A
:1017000003EB7151079E254482EA03044C402C44AC
:10171000784D354401EB3444099E2A4483EA01059F
:1017200065401544744A324404EB7525039E134406
:1017300081EA04026A401A44704B734405EB32722A
:101740000B4484EA0501514019446D4B634402EB9C
:1017500071511C4485EA02034B401C44694B3344DD
:1017600001EB3444019E1D4482EA010363402B4493
:10177000654D04EB73233544069E154463EA01026C
:1017800062402A44614D03EBB2624D4462EA0409AF
:1017900029445F4D89EA0309454449442C445D4D81
:1017A00002EBB1513544049E61EA03081D4488EA06
:1017B0000208444401EB744464EA02034B402B44A6
:1017C000554D04EBF323754463EA010E15448EEA8C
:1017D000040E0EEB0502514D03EBB262354462EA92
:1017E000040E29440A9D8EEA030EA5F580164C4D81
:1017F0007144A6F6833602EBB151264461EA030434
:1018000054403444029E01EB7444354464EA0206B9
:101810001D444E407319089E424D04EBF32335449A
:1018200063EA01061544664072193F4D03EBB2624C
:10183000654462EA040629443C4D5E403144079EFB
:1018400002EBB151354461EA03062C44384D564051
:101850003D443444059E1D4401EB744464EA020394
:101860004B402B44334D04EBF32335440B9E15447E
:1018700063EA010262402A442F4D03EBB262354411
:10188000039E0D4462EA0401594029442B4D02EBAA
:10189000B15135442A4E254461EA030454402C4496
:1018A000099D01EB74442E4464EA02051E4485EA56
:1018B00001039D1903681A440AEB040303EBF523A3
:1018C0000260436083681C44C36819448460C1603B
:1018D0000DB0BDE8F08F00BF44EABEA4A9CFDE4B37
:1018E000604BBBF670BCBFBEC67E9B28FA27A1EA40
:1018F0008530EFD4051D880439D0D4D9E599DBE6CD
:10190000F87CA21F6556ACC4442229F497FF2A43F1
:10191000A72394AB39A093FCC3595B6592CC0C8F81
:10192000D15D84854F7EA86FE0E62CFE144301A3B1
:10193000A111084E827E53F735F23ABDBBD2D72AA9
:1019400091D386EB094B036003F18833436003F1C5
:101950002943A3F59613A3F68B638360A3F1883321
:10196000C3600023C0E90433704700BF012345670B
:101970002DE9F8431446026905460E46E300C2F31A
:10198000C50800F118079B18036122BF43690133A2
:10199000436112F4FC7F436903EB5473436114D039
:1019A000C8F1400907EB08004C4504D22246BDE8C7
:1019B000F84307F077BC403C4A464E4407F072FCBF
:1019C000444439462846FFF76FFCA04606EB04095D
:1019D000B8F13F0FA9EB08010AD94022384607F0B9
:1019E00061FC39462846A8F14008FFF75DFCEFE7A7
:1019F000A1096FF03F02384602FB014206EB81115C
:101A0000D5E7000070B50B6901F1180506460C46D4
:101A1000C3F3C503EA18501C8022EA54C3F13F0205
:101A2000072A1FD8002100F099F929462046FFF720
:101A30003BFC38220021284600F090F92369294612
:101A40002046236563696365FFF72EFC214610225B
:101A5000304607F027FC204658220021BDE87040A0
:101A600000F07CB9C3F137020021E5E72DE9F84F1A
:101A70004FF47A7306460D46002402FB03F7DFF8A5
:101A80005080DFF8509098F900305FFA84FA5A1CC1
:101A900001D0A34210D159F824002A4631460368E8
:101AA000D3F820B03B46D847854205D1074B0120EB
:101AB00083F800A0BDE8F88F0134042CE3D14FF483
:101AC000FA7004F001FF0020F4E700BFE4330020C7
:101AD0001022002014220020002307B50246012115
:101AE0000DF107008DF80730FFF7C0FF20B19DF81A
:101AF000070003B05DF804FB4FF0FF30F9E700008A
:101B00000A46042108B5FFF7B1FF80F00100C0B21A
:101B1000404208BD074B0A4630B41978064B53F8CB
:101B20002140014623682046DD69044BAC4630BCA9
:101B3000604700BFE433002014220020A08601008B
:101B400070B50A4E00240A4D05F03EFB308028682F
:101B50003388834208D905F033FB2B6804440133F2
:101B6000B4F5003F2B60F2D370BD00BFE633002018
:101B7000A033002005F002BC00F1006000F5003049
:101B80000068704700F10060920000F5003005F039
:101B900077BB0000054B1A68054B1B889B1A8342D4
:101BA00002D9104405F00CBB00207047A033002080
:101BB000E633002038B50446074D29B12868204493
:101BC000BDE8384005F014BB2868204405F0FEFA53
:101BD0000028F3D038BD00BFA0330020002070479C
:101BE00000F1FF5000F58F10D0F80008704700009A
:101BF000064991F8243033B100230822086A81F89D
:101C00002430FFF7BFBF0120704700BFA43300207E
:101C1000014B1868704700BF0010005C194B013879
:101C20000322084470B51D68174BC5F30B042D0C37
:101C30001E88A6420BD15C680A46013C82421346CC
:101C40000FD214F9016F4EB102F8016BF6E7013AB9
:101C500003F10803ECD181420B4602D22C2203F897
:101C6000012B0424094A1688AE4204D1984284BF4D
:101C7000967803F8016B013C02F10402F3D1581A83
:101C800070BD00BF0010005C2422002010940008EA
:101C9000022804D1054B4FF480129A617047012845
:101CA000FCD1024B4FF40012F7E700BF00100258BE
:101CB000022803D1044B10229A6170470128FCD1FD
:101CC000014B2022F8E700BF00100258022805D17E
:101CD000064A536983F01003536170470128FCD111
:101CE000024A536983F02003F6E700BF0010025850
:101CF00070B504464FF47A764CB1412C254628BF86
:101D0000412506FB05F0641B04F0DEFDF4E770BD21
:101D1000002310B5934203D0CC5CC4540133F9E7DF
:101D200010BD0000013810B510F9013F3BB191F929
:101D300000409C4203D11AB10131013AF4E71AB1D3
:101D400091F90020981A10BD1046FCE703460246A0
:101D5000D01A12F9011B0029FAD170470244034638
:101D6000934202D003F8011BFAE770472DE9F843CC
:101D70001F4D14460746884695F8242052BBDFF8CD
:101D800070909CB395F824302BB92022FF2148464F
:101D90002F62FFF7E3FF95F824004146C0F10802E7
:101DA00005EB8000A24228BF2246D6B29200FFF780
:101DB000AFFF95F82430A41B17441E449044E4B2AE
:101DC000F6B2082E85F82460DBD1FFF711FF00285A
:101DD000D7D108E02B6A03EB82038342CFD0FFF711
:101DE00007FF0028CBD10020BDE8F8830120FBE7E6
:101DF000A4330020024B1A78024B1A70704700BFC0
:101E0000E433002010220020F8B5194C194804F0E2
:101E100053F82146174804F07BF824684FF47A7091
:101E2000154ED4F89020154DD2F80438114F43F0D8
:101E30000203C2F80438FFF75BFF2046104904F0A4
:101E400075F9D4F890200424D2F8043823F0020362
:101E5000C2F804384FF4E133336055F8040BB8424C
:101E600002D0314603F086FF013CF6D1F8BD00BF39
:101E7000209C000818490020CC33002014220020A8
:101E8000289C00080C4B70B50C4D04461E780C4B7A
:101E900055F826209A420DD00A4B002118221846E8
:101EA000FFF75CFF0460014655F82600BDE870406E
:101EB00003F060BF70BD00BFE43300201422002097
:101EC00018490020CC3300202DE9F04771B6464B6D
:101ED00001201D68454BB3F8008000231A461946BF
:101EE00002F08CFE0446802005F0E8FA0746002840
:101EF00062D0002C60D03E4EADB24FF0800A7369C4
:101F0000284643F0C0637361D6F8143143F0C063D0
:101F1000C6F8143105F054F905EB080200FB05F38F
:101F20004FF4D06C50434FF03D0E984233D9326994
:101F3000520144D4D6F81021510140D4216803F154
:101F400000628A602268D7602268C2F804A0226812
:101F5000C2F800C0D4F80090D9F8002042F0010285
:101F6000C9F80020D4F80090D9F8002022F01E0211
:101F7000C9F80020D4F80090D9F80020D207FBD48B
:101F800094F80C90803361680EFA09F20A60CCE78D
:101F9000002005F0F3F9204602F070FE384605F007
:101FA000C9FA134B5A6942F0C0625A61D3F814213E
:101FB00042F0C062C3F8142161B6BDE8F0870D4B52
:101FC0009A6A42F400729A629A6A42F400429A62F1
:101FD00061B60026012005F0D1F9B045D8D9A8197D
:101FE000013605F005F9F8E7A0330020E6330020BC
:101FF0000020005200ED00E030B50A44084D914247
:102000000DD011F8013B5840082340F30004013B78
:102010002C4013F0FF0384EA5000F6D1EFE730BD07
:102020002083B8EDF7B5384A6B46106851686A46A8
:1020300003C308233549364807F012F9044600283F
:1020400033D10A25334A6B46106851686A4603C388
:10205000082331492E4807F003F90446002849D0E7
:102060000369B3F5F01F45D8B0F8661044F26B224F
:1020700091423FD1294A024402F15C018B4239D39B
:102080005C3B234900209E1AFFF7B6FF04F1640170
:10209000074632460020FFF7AFFFA3689F4229D1D1
:1020A000E368984208BF002524E00369B3F5F01FF8
:1020B00027D8418B44F26B22914220D1174A024427
:1020C00002F110018B4218D3103B114900209D1AD8
:1020D000FFF792FF04F1180106462A460020FFF799
:1020E0008BFFA3689E4202D1E368984201D00D2580
:1020F000A8E70025284603B0F0BD1025A2E70C256F
:10210000A0E70B259EE700BF20940008DCFF1D0020
:10211000000002082994000890FF1D000800FEF747
:1021200000F00F0300F0F00200F0D000402806D0CD
:10213000302A09D1092B07D801200B7070475A1E8D
:10214000052A01D80933F7E70020704773B5144614
:10215000451C8E18B4421AD00DF1060115F8010C79
:10216000FFF7DEFF10B9002002B070BD0DF10701CE
:1021700015F8020BFFF7D4FF0028F4D09DF80620D5
:102180009DF8073043EA021304F8013BE2E701201F
:10219000EAE700000121884238BF084605F0C6B9C9
:1021A00008B105F0C7B9704710B5084C01220849BD
:1021B000002001F0C1FE23783BB1064803F052FD38
:1021C000044803F085FD0023237010BDE833002090
:1021D00034940008C83600202DE9F041234C244EE9
:1021E000236DBBB901224FF4004104F1500005F00A
:1021F00005FB236D1B686BB901224FF4805104F17C
:10220000500005F0FBFA236D1B681BB900203070ED
:10221000BDE8F08133780BB1FFF7C6FF0324154FFB
:102220004FF00008114D13492846C7F8048003F009
:1022300041FD284603F07AFB38B1013C284603F003
:1022400047FD14F0FF04E1D0EDE70B4901220B48F4
:1022500001F072FE014618B1284603F003FDECE7D9
:10226000074800F00FF80120D1E700BFC836002072
:10227000E83300203C22002034940008EC33002096
:10228000389400080FB4002004B07047006870470D
:1022900003460068596870470B0A017043700B0CC5
:1022A000090E8370C1707047110A0270037141708A
:1022B000110C120E8170C2701A0A42711A0C1B0E98
:1022C0008271C37170470000C36A0239023B8B42BE
:1022D00083BF4389006C01FB0300002070470000AE
:1022E000C2F307238A76CB760378032B01BF120C47
:1022F0000A75120A4A75704700F10B010022D301DA
:1023000043EA520310F8012B52FA83F38842DAB2FF
:10231000F5D110467047000010B541780446002002
:10232000013102464901022A16BFA35C032203EBD6
:10233000C03302F101021EBF9BB203EB500398B2FF
:102340009142F0D810BD000002684AB1134613F85C
:10235000011B1F290DD93A29F9D1911C8B4202D0BA
:102360004FF0FF3070471278302AF9D10360002017
:102370007047014B187870473836002038B50D4645
:10238000044618B9092000232B6038BD0368002BD0
:10239000F8D01A78002AF5D08188DA889142F1D1F4
:1023A000587804F02DFC10F00100EBD12368EBE726
:1023B00038B50D4640F25231144602F0B9F9FF2803
:1023C00007D9012C0BD9030A022468702B70204610
:1023D00038BD30B1002CFAD001242870F7E7002472
:1023E000F5E70446F3E700002DE9F8430026D0F8AE
:1023F000008005460C468E76836B002B4AD098F8F9
:102400000030042B4BD133463546402720E0B7F54A
:10241000187F80F0C480F90606F1010608BF023774
:10242000D05B02372BB900F5205292B2B2F5006FA3
:102430000DD305F11A01C5F1FF0240EA0340214422
:10244000FFF7B6FF002800F0AA80054400200346ED
:10245000D8F8102092F82310B142D8D8002B40F0C1
:102460009E80002D00F09B8000232544AB76637393
:10247000D8F81020137903F03701DB0621730BD451
:1024800002F13800FFF704FFC4E90001938963817A
:10249000D3892381BDE8F88300200146F4E7C36CAB
:1024A00001335ED1EA6B00232E26551E184615F81F
:1024B000011F013020290CD0052908BFE52109287A
:1024C00004D10B2B9EBFE71801337E73E71801334D
:1024D00079730B28EBD1E11800204873A17E002905
:1024E0004BD1002B40D06FF00C0604F10D000825F5
:1024F000361B331810F8011B002938D02E298BB257
:102500004AD0A3F14101192903D8117B0D4200D013
:1025100020330373EDE7B9F1000F05D100F5205327
:102520009BB2B3F5006F0BD307F11A01C7F1FF029D
:1025300040EA09402144FFF73BFF48B1074400202F
:1025400002368146D8F80C30985B0028E3D1384633
:10255000B9F1000F4FF0000218BF002023189A763F
:10256000A0E7B1463746EDE73F23A3760123234496
:1025700000219976137B03B96373D37A02F11C00AF
:1025800003F03F0323730023FFF780FE20606360A6
:10259000D38A6381138B7CE710250B46B9E73F2371
:1025A0000125A37660E7000038B50546002435F81C
:1025B000020B08B9204638BD02F0EEF86308C2B23B
:1025C00003EBC43312FA83F39AB2C0F3072303EB8D
:1025D000520303EBC2339CB2E9E7000037B5C3787E
:1025E00004461BB90025284603B030BD00F14C015C
:1025F000826C01234078019104F028FB054680B9E4
:10260000A36BE070A06C226BC31A9342EAD2A3784A
:102610000199022BE6D102440123607804F016FBF5
:10262000E1E70125DFE7000038B5836C05460C467D
:102630008B4210D0FFF7D2FF60B92246012305F18B
:102640004C01687804F0DEFA00281CBF4FF0FF341C
:102650000120AC6438BD0020FCE7000038B5002341
:102660000446C3704FF0FF338364FFF7DDFF00289B
:102670004BD1B4F84A524AF655239D4207D10B225A
:10268000254904F14C0006F0DBFD00283FD094F80A
:102690004C30EB2B03D01833DBB2012B2ED84AF68B
:1026A00055239D4206D108221C4904F19E0006F0E4
:1026B000C7FD48B3B4F85730B3F5007F1ED194F886
:1026C0005930DBB15A1E1A4218D1B4F85A30ABB1A6
:1026D00094F85C30013B012B10D8B4F85D306BB13D
:1026E000B4F85F307F2B06D804F16C00FFF7CEFD05
:1026F000B0F5803F02D3B4F8623053B94AF65520A2
:1027000085420CBF0220032038BD0420FCE70120D5
:10271000FAE70020F8E700BF64940008709400080E
:1027200002392DE9F04701F007044FF0010A466C29
:1027300005460AFA04F41746984606EB1136C1F32B
:10274000C809E4B2314628460136FFF76DFF18B1DB
:102750000120BDE8F087994605EB090292F84C305C
:10276000234214BF01210021414513D06340013FA2
:1027700082F84C3085F803A0EBD0640014F0FF041D
:10278000EAD109F1010301244FF00009B3F5007FFC
:10279000E1D1D7E70220DCE701290246F8B50C4673
:1027A00040F28C800668F36A8B4240F2878033786F
:1027B000013B032B00F28280DFE803F00229384B53
:1027C00004EB5405B16B304601EB5521FFF72CFFAC
:1027D00010B14FF0FF30F8BD6F1CC5F30805B16BA9
:1027E0003046354401EB572195F84C50FFF71CFF5C
:1027F0000028EED1C7F30807E3073E4496F84C00E3
:1028000045EA00204CBF0009C0F30B00E3E7B16BC1
:10281000304601EB1421FFF707FF0028D9D16400EF
:1028200004F4FF742644B6F84C00D4E7B16B30468C
:1028300001EBD411FFF7F8FE0028CAD1A40006F17D
:102840004C0004F4FE742044FFF720FD20F070409B
:10285000C1E7D0E90430D57953EA000101D091688D
:1028600001B95DBB9168022DA4EB01010DD1013BC3
:10287000728940F1FF305B0A43EAC053B3FBF2F3C5
:1028800099421BD81CD0601CA5E7032D02D1936987
:102890008B42F8D8D3699BB9B16B304601EBD411A8
:1028A000FFF7C2FE002894D1A0004C3600F4FE7061
:1028B0003044FFF7EBFC20F000408CE701208AE772
:1028C0006FF0004087E70000F8B5066804460D4643
:1028D0003378042B0CBF4FF080524FF400128A4221
:1028E00001D80220F8BDCA06FBD182680163D2B9C3
:1028F000022B13D83389B3EB551FF2D9F36BA363C3
:10290000A36B6263002BECD003EB55234C36C5F36D
:1029100008050020A3633544E563E3E7F36BC27168
:10292000002BE7D01A4677897F02BD42114604D2B8
:102930003046FFF7C9FCA063E2E72046FFF72CFF13
:10294000431C024606D00128CBD9F36A8342C8D97A
:10295000ED1BEAE70120C5E701292DE9F04706460E
:102960000C46174608D9C36A8B4205D90378022B57
:1029700062D003D8012B22D0022552E0033B012B69
:10298000FAD8816B01EBD411FFF74EFE0546002803
:1029900047D1A40006F14C0304F4FE741C443378C0
:1029A000042B07D0204627F07047FFF76FFC00F09C
:1029B0007040074339462046FFF76EFC2FE001EBDD
:1029C0005108816B01EB5821FFF72EFE054640BBF5
:1029D00014F0010406F14C0908F1010AC8F30808D3
:1029E00008BFFBB230461FBF19F8083003F00F02D2
:1029F0003B0103F0F00318BF134309F8083001232B
:102A0000B16BF37001EB5A21FFF70EFE054640B99A
:102A1000CAF3080A44B1C7F3071709F80A7001237B
:102A2000F3702846BDE8F08719F80A30C7F303278A
:102A300023F00F031F43F0E7816B01EB1421FFF735
:102A4000F3FD05460028ECD1640006F14C0304F4C4
:102A5000FF741F551919C7F307274F70DFE70000F0
:102A6000F8B504460E461746E3690BB91846F8BD9B
:102A7000012BA6EB0305206814BFAA1C3A46691C6B
:102A8000FFF76AFF0028F2D1E369013BE361EBE75E
:102A900001292DE9F84306460C461746056802D879
:102AA0000220BDE8F883EB6A8B42F9D97AB9A146D6
:102AB00021463046A046FFF76FFE0446B0B92B789A
:102AC000042B02D1002F43D1F7710020E9E72B78C6
:102AD000042B02D1C379022BE9D04FF0FF323946E3
:102AE0002846FFF739FF0028E1D0DAE70128D7D0E0
:102AF000421C01D10120D4E72B78042B19D1EA6ABA
:102B0000AB69023A93421CD308F10102A2420CD0F5
:102B10002B78042B08D10023A2EB09024946284652
:102B2000FFF7FEFD0028BCD1A146EB6AA342BFD847
:102B3000C5E7002241462846FFF70EFF0028DED0F9
:102B4000AFE70133AB612B7943F001032B71DBE776
:102B5000F3798BB9B468BC4202D10223F371B4E7B4
:102B600021463046FFF718FE012899D9431CC1D0F1
:102B700001348442EFD0A8E7032BA6D1B368BB424F
:102B8000A3D8B2691344BB429FD3E6E770B5C379BB
:102B90000446032B06D181688369CD18A94203D16D
:102BA0000023E371002070BD4E1C20683246FFF701
:102BB000D3FE0028F7D13146F0E700002DE9F743B6
:102BC00005460191FFF70AFD0446002849D105F1A9
:102BD0004C09019928464FF40072FFF775FB214616
:102BE000A86407464846FFF7B9F86C896402B4F553
:102BF000004F28BF4FF40044B4F5007F2FD9204682
:102C000004F09CFC804630B122460021640A002674
:102C1000FFF7A4F809E06408EEE72346BA19414635
:102C2000687804F013F818B926446B899E42F4D3EF
:102C3000404604F093FC6889801B18BF012003B054
:102C4000BDE8F08301366B899E42F4D20123BA19A4
:102C50004946687803F0FAFF0028F3D0EBE7002636
:102C6000F1E70120EBE70000F8B50446FFF7B6FCFA
:102C70000546002842D12378032B37D12779012F2D
:102C800034D104F14C0601464FF400723046FFF790
:102C900065F855234122722184F84A32AA2304F5AB
:102CA0000D7084F84F2084F84B32522384F8301290
:102CB00084F84C3084F84D30612384F8311284F864
:102CC0004E3084F83332A16984F83222FFF7E4FAF7
:102CD000616904F50E70FFF7DFFA626B3B4631461F
:102CE00001326078A26403F0B1FF257100226078A0
:102CF000114603F0CFFF003818BF0120F8BD0000D7
:102D000000232DE9F0430B6085B00F461546FFF711
:102D10001BFB061EC0F2B281804B53F82640002CEC
:102D200000F0AE813C6005F0FE0523786BB1607861
:102D300003F066FFC70708D41DB110F0040500D0EA
:102D40000A25284605B0BDE8F0830023F0B22370C1
:102D5000607003F041FFC10700F194810DB142079B
:102D6000EED400212046FFF779FC022840F099803C
:102D70006E4604F2122304F25221324618461033F2
:102D8000FFF784FA42F8040B8B42F7D1002556F87E
:102D9000041B00297DD02046FFF760FC012879D86C
:102DA0000128A26C40F0C08004F1570304F18C01AB
:102DB00013F8015B002D7BD18B42F9D1B4F8B4300C
:102DC000B3F5807F74D194F8B830092B70D104F139
:102DD0009400FFF75DFA4FF0FF33171841F100013F
:102DE000BB4275EB010363D304F1A000FFF74EFA79
:102DF00094F8BA302063012BA37059D194F8B9909C
:102E000003FA09F91FFA89F36381002B50D0444B70
:102E100004F1A800FFF73AFA0646984248D8831C06
:102E2000626304F1A400E362FFF730FA00EB0208EA
:102E300004F19C00C4F84080FFF728FA10441FFA00
:102E400089F2A06306FB02F313EB080345EB0502CE
:102E50009F4271EB02032BD32E4604F1AC00FFF727
:102E600015FAE06365B96389B34221D9E16B204665
:102E7000FFF72AFA81192046FFF7D6FB98B90136E9
:102E8000631993F84C30812B14D02035C5F3080515
:102E9000E8E703200135042D7FF479AF042807D13A
:102EA00001E0042801D101254BE701287FF678AF26
:102EB0000D2546E705F1140004F14C063044FFF7F8
:102EC000E5F901280546F3D9E36A8342F0D961891F
:102ED000821E236C02FB01336364A16B204601EB6D
:102EE000D511FFF7A1FB0028DDD105F07F0006EB2F
:102EF0008000FFF7CBF9431C03D00135A842ECD08A
:102F0000D6E70425C4E90500064A25700025138884
:102F1000E56101339BB21380E38012E73C36002069
:102F2000FDFFFF7F40360020B4F85730B3F5007F37
:102F3000BED1B4F8626026B904F17000FFF7A6F9BB
:102F4000064694F85C302663591EA3700129AFD859
:102F500094F859506581002DAAD0691E2942A7D145
:102F6000B4F85D8018F00F0FA4F80880A0D1B4F871
:102F70005F0018B904F16C00FFF788F9B4F85A1033
:102F8000002995D006FB03FE01EB181CF4446045B4
:102F90008ED3A0EB0C00A842B0FBF5F388D33E48DB
:102FA000834285D84FF6F57083426DD903259F1C67
:102FB000114402EB0C03032DE7626263A1632364F7
:102FC0004CD1B4F8763053EA08037FF471AFBB00FC
:102FD00004F17800FFF75AF9E06303F2FF13B6EB50
:102FE000532FFFF465AF4FF0FF33032DC4E90533D2
:102FF0004FF08003237187D1B4F87C30012B83D14B
:10300000511C2046FFF710FB00287FF47DAFB4F879
:103010004A224AF6552320719A427FF475AF1F4B1E
:1030200004F14C00FFF732F998427FF46DAF03F1E1
:10303000FF5304F50C70FFF729F903F50053203313
:1030400098427FF461AF04F50D70FFF71FF9A0619E
:1030500004F50E70FFF71AF9606155E7B8F1000F3B
:103060003FF426AF7144022D4FEA4703E1631EBFD0
:10307000D91907F0010303EB5103AEE70B2560E616
:103080000C255EE603255CE640F6F575AB428CBF89
:10309000022501258BE700BFF5FFFF0F525261416A
:1030A0002DE9F84F07460568884649B96E69C6B1EB
:1030B000EB6AB34298BF0126AB69A3B9002405E0CF
:1030C000FFF76AFB0128044603D801242046BDE827
:1030D000F88F421C00F0D280EB6A8342F6D8464655
:1030E000EAE70126E8E72A78EB6A042A40F08380C1
:1030F000A6F1020A023B4FF0010B9A4528BF4FF0A0
:10310000000AD146696C284601EB1931FFF78CFAA9
:1031100000283BD109F00703EA6AC9F3C8010BFA9A
:1031200003F3901EDBB26A184C4609F1010992F8CC
:103130004C20814502EA030233BF5B0000234FF4B9
:103140000071DBB228BF9946B2B90234631E033363
:10315000BCD80123214628461A46FFF7E1FA022887
:10316000B3D0012800F08A80B8F1000F13D10223F8
:10317000FB710028A9D130E0CA450AD0002BD2D17A
:103180000131B1F5007FBDD20123CCE74FF0FF3410
:10319000DCE70024DAE7FB79022B07D1731CA3429A
:1031A000E7D0BB68F31ABB610323FB7108F101028E
:1031B000FB69A24205D113B10133FB61D9E70223B8
:1031C000FBE70BB90123FB61224641463846FFF776
:1031D00047FC00284FD10123FB61EA6AAB69023A40
:1031E0006C6193429CBF03F1FF33AB612B7943F0D9
:1031F00001032B716AE7464514D1741C3846A3427B
:1032000098BF02242146FFF7C7FA01283FF45DAFBB
:10321000431C33D0E0B16B69012B03D9EA6A9342B6
:1032200038BF1E4634460134EB6AA34203D8012E50
:103230007FF644AF022421463846FFF7ADFA48B185
:1032400001283FF442AF013018D0B442EBD135E74A
:10325000002CE7D04FF0FF3221462846FFF77CFBD9
:1032600048B9B8F1000FB8D0224641462846FFF7CA
:1032700073FB0028B1D001287FF427AF4FF0FF3453
:1032800024E700002DE9F84306680446076B8946E9
:1032900033782037042B0CBF4FF080534FF40013CA
:1032A000BB429CBF00238363836B73B1C7F30808E1
:1032B000B8F1000F3CD10133416B836339B93389D5
:1032C000B3EB571F34D80023A36304200AE07389AB
:1032D000013B13EA57232BD1FFF75EFA012805467D
:1032E00002D80220BDE8F883421C01D10120F9E791
:1032F000F36A834216D8B9F1000FE4D0616B20461F
:10330000FFF7CEFE0546C8B10128EAD0431CEDD038
:1033100001463046FFF752FC0028E7D1E37943F03D
:103320000403E371294630466563FEF7CDFFA063D1
:103330004C36002027634644E663D3E70720D1E7F5
:10334000F8B50E46002104460768FFF7BDFA98B9A4
:103350000546A16B3846FFF767F968B93A78E36B21
:10336000042A1B780CD11B060ED5054601212046E8
:10337000FFF788FF0028ECD0042808BF072006E0EC
:10338000E52B01D0002BF0D10135B542EED1F8BDCF
:10339000C16C4B1C2DE9F04104460568066B1FD13A
:1033A000E5274FF00108A16B2846FFF73DF998B9D2
:1033B0002A78E36B042A09BF1A781F7002F07F0293
:1033C0001A7085F80380236BB3420DD2002120468A
:1033D000FFF758FF0028E6D0042808BF022003E0CA
:1033E000FFF772FA0028DBD0BDE8F0812DE9F0414B
:1033F00005460068A96B0669FFF716F9044620B96F
:10340000EB6B1A78852A03D002242046BDE8F081B0
:10341000324603F1200153F8040B8B4242F8040BAF
:10342000F9D1777801377F01A7F16003B3F5007F09
:10343000EAD800212846FFF725FF04280446E3D0F8
:103440000028E2D1A96B2868FFF7EEF804460028AF
:10345000DBD1EB6B1A78C02AD6D106F1200203F13A
:10346000200153F8040B8B4242F8040BF9D196F873
:1034700023300F222C33B3FBF2F3B7EB431FC3D33C
:103480004FF0400800212846FFF7FCFE04280446C0
:10349000BAD00028B9D1A96B2868FFF7C5F804464F
:1034A0000028B2D1EB6B1A78C12AADD1B8F5187FDC
:1034B00009D206EB080203F1200153F8040B8B42FA
:1034C00042F8040BF9D108F120084745DAD8B8F5DD
:1034D000187F9AD83046FEF71FFF7388834294D036
:1034E00092E700000B68002210B5036004460B6AE7
:1034F00083604B6AC261C37123F0FF03896AC0E92C
:103500000432C164FFF7E0F920B92046BDE810405D
:10351000FFF76CBF10BD0000F8B503680546012732
:103520001C692046FEF7F8FEA070000A6678E0707D
:103530002846E96CFFF7C8F920B1022828BF02200D
:10354000C0B2F8BDA96B2868FFF76EF80028F4D167
:10355000EB6B04F1200254F8041B944243F8041B63
:10356000F9D12B68DF70002EE7D000212846013EFC
:10357000FFF788FEE0E700002DE9F8434FF0FF0871
:1035800006460768042445464FF6FF79B16B11B92A
:10359000002C73D063E03846FFF746F80446002855
:1035A0005DD1F06B0378002B6ED03A78042A11D1EC
:1035B000852B4DD1336B3046F364FFF717FF04467C
:1035C00000284CD13B691B7903F03F03B3712046BF
:1035D000BDE8F883C27AE52B02F03F02B27143D016
:1035E0002E2B41D022F0200108293DD00F2A40D1B6
:1035F000590637D503F0BF05336B90F80D80F3649F
:10360000437B434530D1428B72BB03780D21FC686C
:1036100023F04003DFF874E0013B4B4301211EF827
:1036200001CB30F80CC009B3FF2B1DD824F813C010
:103630006146013301320D2AF1D10278520605D5D7
:1036400021B1FF2B10D8002224F81320013DEDB248
:1036500000213046FFF716FE0446002896D00023CE
:10366000B363B4E7AB42CBD0FF25F1E7CC45E1D063
:10367000FAE72DB9FEF740FE404501D10024A6E748
:103680004FF0FF33F364A2E70424E8E70C95000849
:103690002DE9F04F002187B00446D0F80090FFF7E5
:1036A00013F9804670B999F80030042B33D1D9F85A
:1036B0000C00FEF779FF07462046FFF75DFF054641
:1036C00020B18046404607B0BDE8F08FD9F81030F1
:1036D0009A8CBA42F0D193F823B040265D4506D1CA
:1036E000D9F80C3033F81530002BE5D1EAE7F106B4
:1036F000D9F8103008BF0236985B01F04DF8D9F8C0
:103700000C30824633F8150001F046F88245D3D1DB
:1037100002360135E2E74FF0FF0A4FF0FF3B554616
:10372000C4F84CB0A16B4846FEF77EFF00285CD180
:10373000E66B3778002F77D0F27AE52F02F03F035F
:10374000A37103D0120704D50F2B04D0C4F84CB0DA
:103750004FE00F2B54D194F84B3058063FD47906E4
:1037600045D5236B07F0BF0796F80DA0E364737B84
:1037700053453ED1738B002B3BD135780121D9F8CD
:103780000C3005F03F0501930D23013D5D43284BAF
:1037900013F8012BB25A71B3FF2D059329D81046A7
:1037A000049200F0F9FF6B1C03900293019B33F825
:1037B000150000F0F1FF039981421AD1049A029D8D
:1037C0001146059B1B4A9342E2D133785A0604D531
:1037D00019B1019B33F815305BB97D1EEDB20021A4
:1037E0002046FFF74FFD00289CD080466AE7BD4287
:1037F000BDD0FF25F3E74FF6FF708242E2D0F8E735
:103800002DB93046FEF778FD50453FF45BAF94F894
:103810004B30DB079AD40B2204F14001304605F00F
:103820000FFD002892D14DE74FF004084AE700BF92
:103830000C950008199500082DE9F04F90F84BB051
:1038400099B004461BF0A00540F068810668F26854
:1038500032F81530002B4AD13378042B40F08780A2
:103860000F230E352046B5FBF3F5A91CFFF768FDC5
:103870008146002877D1236B0135A3EB4515E37909
:103880005A07E56435D523F004032046E371FFF7BA
:103890007DF950BB4FF0FF32616B2046FFF7E0F837
:1038A00018BBA3682BB3214604A8FFF71BFEE0B9A1
:1038B00070894FF40071D4E90423E0FB01233069DF
:1038C000C4E904233830FEF7EFFC3069D4E904235F
:1038D0002830FEF7E9FCE379326904A843F00103DC
:1038E00082F82130FFF718FE18B181463BE0013520
:1038F000AEE7D6E90354402200212046FEF72EFA17
:103900008523012140222370C0234FF0C10C04EB1A
:10391000010884F8203000231E469E46571C04F8F8
:1039200002C0F0B2023204F807E021B135F81310FA
:1039300009B10133DBB20F0AA15408F80270023258
:10394000D706F2D135F813700136002FE6D184F88E
:103950002330831C28466370FEF726FE84F824007B
:10396000000A84F82500484619B0BDE8F08F04F13C
:1039700040070DF1100A1BF0010F97E807008AE8D5
:10398000070000F0D38040234FF0010884F84B304B
:10399000BC46F368B8F1050F9AE80700ACE80300ED
:1039A0002CF8022B4FEA12428CF8002059D9981EAD
:1039B000424630F8021F002942D10DF10F0C0721B9
:1039C00002F00F0E914612090EF13000392888BF1F
:1039D0000EF1370001390CF8010902D0B9F10F0FCF
:1039E000EED818AB7E205A1802F8580C3846002240
:1039F000914206D010F801CB02F1010EBCF1200F6C
:103A000031D104F13F0C072902F1010297BF18AB35
:103A100020205818013198BF10F8580C072A0CF8CC
:103A20000200F0D92046FFF733FE8146002878D106
:103A300008F10108B8F1640FAAD14FF0070992E725
:103A40004FF0100C01F0010E49080EEB4202D303B7
:103A500044BF82F4883282F02102BCF1010CF1D122
:103A6000A7E74246A9E77246C2E7216B2046A1EBD1
:103A70004511FEF729FF814600287FF474AF4FF609
:103A8000FF783846FEF738FC0190A16B3046FEF710
:103A9000CBFD814600287FF466AFE36BE9B2019A63
:103AA0004FF00D0CD6F80CE05A734FF00F02DFF810
:103AB000E0A0DA724A1E18730CFB02F28446987674
:103AC000D87640451AF8019B0CF1010C18BF3EF85E
:103AD000120003EB090B18BF013203F809004FEA8B
:103AE0001029002808BF4046BCF10D0F8BF801904B
:103AF000E7D1404502D03EF812200AB941F040011A
:103B00001970012300212046F370FFF7BBFB8146AB
:103B100000287FF428AF013DB7D11BE04FF0060924
:103B200021E704287FF41FAF84F84BB01BF0020F8D
:103B300020461BBF0C350D210125B5FBF1F518BF43
:103B400001352946FFF7FCFB814600287FF40BAFC7
:103B5000013D8AD1A16B3046FEF766FD8146002803
:103B60007FF401AF01462022E06BFEF7F7F8E36B2C
:103B700003CF18605960BA7839889A72198194F81D
:103B80004B30E26B03F0180313730123F370EAE682
:103B90000C95000810B504460A463430FEF776FB53
:103BA000886004F13800FEF773FBC2E9040194F861
:103BB000213003F00203D3710023D36110BD000054
:103BC00003284B8B04BF8A8A43EA02431846704796
:103BD0002DE9F04F0B7899B0044689462F2BD0F889
:103BE00000B001D05C2B09D14A46137891460132CE
:103BF0002F2BFAD05C2BF8D0002301E0DBF81C302F
:103C0000A3600023E3619BF80030042B1ED1A3685E
:103C1000E3B1DBF82030214604A82362DBF824302E
:103C20006362DBF82830A362FFF75CFC03460028E0
:103C300054D1DBF8102002F13800FEF727FBC4E96D
:103C4000040392F8213003F00203E37199F8003085
:103C50001F2B00F2358180230021204684F84B3051
:103C600019B0BDE8F04FFEF72FBE49460B788946E4
:103C700001312F2BFAD05C2BF8D01F2B8CBF0025E5
:103C80000425012F2FD113882E2B31D1002322F8A8
:103C9000173004F140029F428CBF2E2120210133B6
:103CA0000B2B02F8011BF6D145F02005204684F8C5
:103CB0004B50FFF7EDFC94F84B30002800F0E78004
:103CC00004280BD1990603F0040240F1DC80002A9D
:103CD00000F0F6808023002084F84B3019B0BDE856
:103CE000F08F0425CDE7022F02D153882E2BCAD0A6
:103CF000911E87BB002322F81730002F00F011819E
:103D000032F81300194601332028F9D009B92E28BA
:103D100001D145F00305901E30F817302E2B01D04D
:103D2000013FF9D14FF020334FF0000A6364D046D1
:103D30002364C4F847300823481C32F8116000900F
:103D4000F6B1202E03D02E2E0DD1B84210D045F062
:103D500003050099F0E731F81730202B01D02E2B06
:103D6000C8D1013FC5E79A4505D20099B9423BD178
:103D70000B2B30D101E00B2B27D145F003050B2392
:103D800094F84020E52A04BF052284F84020082B3F
:103D900004BF4FEA88085FFA88F808F00C030C2B80
:103DA00003D008F00303032B01D145F00205A80757
:103DB0003FF57CAF18F0010F18BF45F0100518F063
:103DC000040F18BF45F0080570E70099B94202D00A
:103DD00045F00305D4D84FEA88080B234FF0080AB2
:103DE00000975FFA88F8B4E77F2E15D9304640F285
:103DF0005231CDE9022345F00203019300F098FC13
:103E000010F0800F0646DDE9022316D000F07F0691
:103E100046498E5D019D46B331464548CDE90123B3
:103E200005F05AFADDE90123F8B9A6F1410189B29A
:103E300019291ED848F0020810E0FF28EAD9591EB7
:103E40008A4503D345F003059A4682E704EB0A014D
:103E5000000A0AF1010A019D81F8400004EB0A0101
:103E60000AF1010A81F8406073E745F003055F2617
:103E7000F4E7A6F1610189B219299EBF203E48F0FE
:103E80000108B6B2EAE7002A08BF052026E75A076C
:103E90003FF524AFA379DB0645D59BF80000042845
:103EA00035D1A3682146E27923622369DBF810004B
:103EB00023F0FF0313436362E36CA362FFF76AFE20
:103EC00023680027DA6819F8010B00283FF409AFCE
:103ED00040F25231009200F04BFC054608B31F2817
:103EE000009A7FF6FEAE2F283FF4BFAE5C283FF469
:103EF000BCAE7F2805D801460E4805F0EDF9009AC2
:103F000078B9FF2F0DD022F817500137DBE7216B6E
:103F10000BF14C03C1F308011944FFF751FEA060F7
:103F2000CEE70620DAE60520D8E600BF8C9400082C
:103F3000859400087C9400081FB5CDE9001003A803
:103F400014460391FEF700FA002815DB0B4A52F8DD
:103F500020300BB100211970019B0BB100211970A9
:103F600042F820302CB1002201A96846FEF7C8FEB5
:103F70000446204604B010BD0B24FAE73C3600206E
:103F80002DE9F04798B0904605460191002800F0D1
:103F9000528102F03F0603A901A83246FEF7B0FEA7
:103FA000002840F04681039B4FF48C60049303F09B
:103FB000C5FA0746002800F04081039B00F5007217
:103FC0000199D86004A81A61FFF702FE044620B9DF
:103FD0009DF95B30002BB8BF062418F01C0F00F0D1
:103FE000CD80002C4CD0042C40D104A8FFF724FC39
:103FF000044600283AD146F00806039B1A78042AA2
:1040000040F08380186929462B60FFF7C3FD039BAE
:104010001E22002118690230FDF7A0FE039C00213A
:104020001A2220692630FDF799FE236920221A7191
:10403000246903F0BDFA0146012208342046FEF748
:104040002BF9039B04A81B6983F82120FFF764FA6E
:10405000044658B9A96801B302462846FEF718FD80
:10406000AB68039A0446013B5361B4B1384603F090
:1040700075FA0CB100232B60204618B0BDE8F0871C
:104080009DF8163013F0110F40F0848018F0040FE3
:1040900040F0C98018F0080FAFD1039A3107139987
:1040A000936C48BF46F04006E964AB64107804287E
:1040B00072D1069B9DF817102B62089B106923F0A4
:1040C000FF030B4329466B62179BAB62FFF762FD50
:1040D000DDF80CA00024002205F15008BAF80630E3
:1040E00021464046C5F800A0AB80002385F830602B
:1040F00085F831406C64C5E90E234FF40072FDF77A
:104100002DFEB20653D40024B0E703F051FA014665
:10411000009013980E30FEF7BFF8139800991630F0
:10412000FEF7BAF8039C13992078FFF749FD202386
:1041300000228046CB7220461399FEF7D1F8139BDC
:10414000002201211A775A779A77DA77039BD97080
:10415000B8F1000FA1D0414604A8D3F84890FEF76B
:1041600097FC0446002881D149460398FEF75CFA83
:10417000039B044608F1FF30586176E7002C7FF47A
:1041800075AF9DF81630DC064FD418F0020F84D0BE
:10419000D80782D5072469E7FFF712FD0023A8603E
:1041A00001F11C00FEF772F86B61286190E7D5E918
:1041B000046956EA0903A6D0BAF80AA0A9684FEA2A
:1041C0004A2AC5E90E69B24574EB09031BD30024E2
:1041D0002964002C7FF44AAFC6F30803002B92D069
:1041E000039C2046FEF770F808B3760A0123414687
:1041F00046EAC95682196A64607802F003FD041E1B
:1042000018BF012432E72846FEF7C6FAB6EB0A06C5
:10421000014669F10009012803D9431CD3D10124C7
:10422000D6E70224D4E7082420E704241EE702246A
:104230001CE704461EE709241EE711241CE70000C2
:104240002DE9F04F994685B00023884603A904461E
:10425000C9F800301646FEF791F8054680BB94F881
:1042600031506DBB94F8303013F00103009300F02F
:10427000A68004F1500AD4E90432D4E90E011B1AD5
:1042800062EB0102B34272F1000238BF1E46BEB1BA
:10429000D4E90E10C1F30803002B40F08280039B89
:1042A0005A894B0A013A43EAC0531A401BD151EADA
:1042B000000309D1A06801280DD8022584F83150E7
:1042C000284605B0BDE8F08F216C20460192FEF72C
:1042D00063FA019AEFE7431C04D10123009D84F89F
:1042E0003130EDE72064DDF80CB0216C5846FDF765
:1042F000EBFF0028E1D0B6F5007F02EB000731D3D9
:10430000BBF80A1002EB5620730A88429BF80100A2
:1043100088BF8B1A3A464146019302F073FC00288D
:10432000DBD194F93020019B002A0BDA606CC01BB2
:10433000984207D24FF40072514608EB4020FDF737
:10434000E7FC019B5F02D9F80030F61BB8443B4400
:10435000C9F80030D4E90E32DB1942F10002C4E999
:104360000E3294E7626CBA421AD094F93030002BC6
:104370000DDA012351469BF8010002F067FC00288A
:10438000ABD194F8303003F07F0384F830300398D9
:1043900001233A465146407802F034FC00289CD173
:1043A0006764A16B4046C1F30801C1F50077514431
:1043B000B74228BF37463A46FDF7AAFCC3E70725B0
:1043C0007EE7000070B596B00E460022019002A96B
:1043D00001A8FEF795FC0446E0B94FF48C6003F0A9
:1043E000ADF80546D8B1029B00F500720199D8607E
:1043F00002A81A61FFF7ECFB044640B99DF953305F
:10440000002B0ADB1EB1314602A8FDF7EDFF28465E
:1044100003F0A4F8204616B070BD0624F7E7112477
:10442000F8E7000070B5B8B00222019003A901A816
:10443000FEF766FC044608BB039B4FF48C601093A8
:1044400003F07CF80546002866D0039B00F5007257
:104450000199D86010A81A61FFF7BAFB044650B959
:104460009DF88B30980655D4190653D49DF84630E4
:10447000DA0706D50724284603F070F8204638B03E
:1044800070BD039B04931878042814D104A91869FB
:10449000FFF780FB069E9DF84630DB0610D410A87F
:1044A000FEF776FF04460028E5D156BB0398FEF7D9
:1044B000DBFB0446DFE71F99FFF782FB0646EAE7CE
:1044C000039BDA69B242D5D024930021269624A812
:1044D0001B78042B01BFDDE90823CDE928239DF8D3
:1044E00017308DF89730FEF7EFF904460028C2D157
:1044F00024A8FFF741F804460028BBD00428BAD10D
:10450000CDE70246314604A8FEF7C2FA0446002869
:10451000B1D1CBE70624AEE71124AFE7F0B5BDB0CB
:10452000CDE900106846FDF70FFF022203A901A89C
:10453000FEF7E6FB0446002841D1039B4FF48C6054
:10454000149302F0FBFF0546002800F0EE80039B69
:1045500000F5007214AE0199D8601A613046FFF779
:1045600037FB044640BB9DF89B3013F0A00F40F092
:10457000D880039B009F1A78042A68D11B6904AC79
:1045800003F1400C1868083353F8041C22466345B5
:1045900003C21446F6D15022314628A8FDF7B8FBD5
:1045A000394628A8FFF714FB044600284CD12A9A64
:1045B000169B9A4206D00824284602F0CFFF2046D8
:1045C0003DB0F0BD349A209B9A42F4D128A8FFF761
:1045D00033F904460028EFD1039B04AF1B6993F81D
:1045E00001E093F823C09C8C3A46083303CAB242D8
:1045F00043F8080C43F8041C1746F5D1039B28A880
:104600001B6983F801E0039B1A6982F823C01A69C9
:1046100082F82440240A82F825401A691379D906C1
:104620005CBF43F020031371FEF776FF04460028B9
:10463000C2D13046FEF7ACFE04460028BCD1039838
:10464000FEF712FB0446B7E70428B5D1BEE7239A6C
:1046500004AB02F1200C1068083252F8041C1C460E
:10466000624503C42346F6D15022314628A8FDF7FF
:104670004FFB394628A8FFF7ABFA044600284CD177
:104680002A9A169B9A4296D1349A209B9A4292D1AA
:1046900028A8FFF7D1F8044600288DD137990DF1ED
:1046A0001D030DF12D0001F10D0253F8044B83425F
:1046B00042F8044BF9D11888012710809B78937039
:1046C0009DF81B30039CDA0658BF43F02003CB72E1
:1046D000E770CB7ADB06ACD5169A2A9B9A42A8D013
:1046E0002078FFF76DFA01462046FDF7EDFD014603
:1046F000C8B12046FDF798FF044600287FF45CAF60
:10470000039890F86D302E2B93D12A9A00F16C010A
:10471000FDF7E6FD039BDF708BE704287FF44CAFC9
:10472000B6E7062448E7022446E7112447E70000DD
:104730007F2810B501D880B210BDB0F5803F13D2EC
:1047400040F2523399420FD10849002231F8024B0E
:1047500093B2844203D103F18000C0B2ECE701328E
:10476000802AF3D11346F6E70020E5E7CC9700084E
:104770007F280DD940F25233994208D1FF2806D83C
:1047800000F10040034B803833F8100070470020E0
:10479000704700BFCC970008B0F5803FF0B522D23B
:1047A0001F4A83B21F49B0F5805F28BF0A46141D17
:1047B00034F8042C2146AAB1934213D334F8025C96
:1047C0002E0AEFB252FA85F5A84222DA082E09D84D
:1047D000DFE806F0050A10121416181A1C00801AD9
:1047E00034F810301846F0BD981A00F001001B1A7A
:1047F0009BB2F7E7103BFBE7203BF9E7303BF7E7DD
:104800001A3BF5E70833F3E7503BF1E7A3F5E35331
:10481000EEE70434002ECBD101EB4702C7E700BF1F
:104820001C9500081097000808B5074B074A19683F
:1048300001F03D01996053680BB190689847BDE85D
:10484000084003F0D9B800BF000002404436002001
:1048500008B5084B1968890901F03D018A019A6081
:10486000054AD3680BB110699847BDE8084003F0CA
:10487000C3B800BF000002404436002008B5084B12
:104880001968090C01F03D010A049A60054A536950
:104890000BB190699847BDE8084003F0ADB800BF80
:1048A000000002404436002008B5084B1968890D05
:1048B00001F03D018A059A60054AD3690BB1106A7F
:1048C0009847BDE8084003F097B800BF00000240D9
:1048D0004436002008B5074B074A596801F03D01EE
:1048E000D960536A0BB1906A9847BDE8084003F05D
:1048F00083B800BF000002404436002008B5084BD2
:104900005968890901F03D018A01DA60054AD36AD4
:104910000BB1106B9847BDE8084003F06DB800BFBD
:10492000000002404436002008B5084B5968090CC5
:1049300001F03D010A04DA60054A536B0BB1906B3C
:104940009847BDE8084003F057B800BF0000024098
:104950004436002008B5084B5968890D01F03D0127
:104960008A05DA60054AD36B0BB1106C9847BDE835
:10497000084003F041B800BF000002404436002068
:1049800008B5074B074A196801F03D019960536C5F
:104990000BB1906C9847BDE8084003F02DB800BFFC
:1049A000000402404436002008B5084B1968890904
:1049B00001F03D018A019A60054AD36C0BB1106D7C
:1049C0009847BDE8084003F017B800BF0004024054
:1049D0004436002008B5084B1968090C01F03D0168
:1049E0000A049A60054A536D0BB1906D9847BDE873
:1049F000084003F001B800BF000402404436002024
:104A000008B5084B1968890D01F03D018A059A60C7
:104A1000054AD36D0BB1106E9847BDE8084002F00F
:104A2000EBBF00BF000402404436002008B5074B2E
:104A3000074A596801F03D01D960536E0BB1906E81
:104A40009847BDE8084002F0D7BF00BF000402400D
:104A50004436002008B5084B5968890901F03D012A
:104A60008A01DA60054AD36E0BB1106F9847BDE832
:104A7000084002F0C1BF00BF0004024044360020DD
:104A800008B5084B5968090C01F03D010A04DA60C9
:104A9000054A536F0BB1906F9847BDE8084002F08C
:104AA000ABBF00BF000402404436002008B5084BED
:104AB0005968890D01F03D018A05DA60054AD36F16
:104AC00013B1D2F880009847BDE8084002F094BFC7
:104AD000000402404436002000230C4910B51A4659
:104AE0000B4C0B6054F82300026001EB43000433CD
:104AF0004260402BF6D1074A4FF0FF339360D360FA
:104B0000C2F80834C2F80C3410BD00BF443600208F
:104B1000CC980008000002400F28F8B510D91028E2
:104B200010D0112811D0122808D10F240720DFF847
:104B3000C8E00126DEF80050A04208D9002653E064
:104B40000446F4E70F240020F1E70724FBE706FA08
:104B500000F73D424AD1264C4FEA001C3D4304EB8E
:104B600000160EEBC000CEF80050C0E90123FBB2E6
:104B700073B12048D0F8D83043F00103C0F8D830E2
:104B8000D0F8003143F00103C0F80031D0F8003113
:104B900017F47F4F0ED01748D0F8D83043F00203F7
:104BA000C0F8D830D0F8003143F00203C0F800312B
:104BB000D0F8003154F80C00036823F01F030360A1
:104BC000056815F00105FBD104EB0C033D2493F8B7
:104BD0000CC05F6804FA0CF43C6021240560446159
:104BE00012B1987B00F0D8FC3046F8BD0130A3E745
:104BF000CC980008004402584436002010B53024F8
:104C000084F31188FFF788FF002383F3118810BD18
:104C100010B50446807B00F0D5FC01231549627B6A
:104C200003FA02F20B6823EA0203DAB20B6072B9EC
:104C3000114AD2F8D81021F00101C2F8D810D2F8E8
:104C4000001121F00101C2F80011D2F8002113F483
:104C50007F4F0ED1084BD3F8D82022F00202C3F8C0
:104C6000D820D3F8002122F00202C3F80021D3F8A3
:104C7000003110BD443600200044025808B53023EE
:104C800083F31188FFF7C4FF002383F3118808BD65
:104C9000836CC26A8B42506810B506D95A1E4C000C
:104CA00002EB4103B3FBF4F3184410BD01F0010320
:104CB0008A0748BF43F002034A0748BF43F008038E
:104CC0000A0748BF43F00403CA0648BF43F0100375
:104CD0008A06426B48BF43F0200313434363704787
:104CE00010B5074C204600F0D9FF064B0022C4E95E
:104CF0001023054BA364054BE363054BE36410BD30
:104D0000C83600200024024800B4C4041C37002028
:104D10001C390020C36A0BB9104BC3620379012B05
:104D200011D10F4B98420ED10E4BD3F8DC2042F438
:104D30000072C3F8DC20D3F8042142F40072C3F8F7
:104D40000421D3F80431436C00221A65DA621A6038
:104D50005A605A624FF0FF329A637047CC9900084C
:104D6000C8360020004402580379012B29D0436C37
:104D700000221A65DA621A605A605A624FF0FF32F6
:104D80009A63104B98421CD10F4BD3F8842042F405
:104D90000072C3F88420D3F8842022F40072C3F890
:104DA0008420D3F88420D3F8DC2022F40072C3F8E6
:104DB000DC20D3F8042122F40072C3F80421D3F8D4
:104DC00004317047C83600200044025810B5446CC6
:104DD0000649FFF75DFF6060236842F2107043F000
:104DE00003032360BDE8104001F06EBD801A060089
:104DF0000129F8B5466C0B4F09D175680A493D4049
:104E0000FFF746FF054345F480557560F8BD7468AB
:104E100006493C40FFF73CFF044344F4805474606F
:104E2000F4E700BF00ECFFFF80F0FA0240787D015C
:104E3000436C00225A601A6070470000426C0129DE
:104E4000536823F4404304D0022905D001B95360CC
:104E5000704743F48043FAE743F40043F7E7000068
:104E6000436C41F480519A60D9605A6B1206FCD5AC
:104E700080229A637047000010B541F48851446C59
:104E8000A260E160616B11F04502FBD0A26311F0FA
:104E9000040203D0FFF70AFF012010BD616910462C
:104EA0001960FAE710B541F48851446CA260E160E2
:104EB000616B11F04502FBD0A26311F0050203D033
:104EC000FFF7F4FE012010BD616910461960FAE792
:104ED00073B5134604460E46302282F31188426CA5
:104EE000D26B32B14FF0FF314030019301F0F8FC4A
:104EF000019B606C00220265C263C262456B15F4BF
:104F0000807504D185F31188012002B070BD4FF087
:104F1000FF31816382F31188012E06D90C212046CE
:104F200002B0BDE87040FFF7BDBF1046EDE70000DE
:104F300073B5446C0E4600250192616BA163256533
:104F4000E562FFF7B3FE012E07D9019B2A460C212B
:104F500002B0BDE87040FFF7A5BF02B070BD000011
:104F600010B541F49851446CA260E160616B11F09E
:104F70004502FBD0A26311F03F0203D0FFF796FE7B
:104F8000012010BD216A10461960E1695960A169CC
:104F900099606169D960F4E72DE9F743044601910E
:104FA000006D01A91746984602F040FC064600280D
:104FB0004AD0626C2046DDF804905568C5F30905B7
:104FC00001356B00A56CB5FBF3F54FF47A73B5FBB7
:104FD000F3F55D43556200F027FE50BB636C4FF064
:104FE000FF3201254146C3F8589020461D659A635B
:104FF0004FF49572DA6342F207029F62DA62E36C61
:105000000A9AFFF74FFFA0B9E26C104B11680B40F2
:105010007BB929462046FFF75BFF054648B92E4677
:105020003A460199206D02F039FC304603B0BDE8E4
:10503000F083E26C20460121FFF77AFF3A4601999E
:10504000206D02F02BFCF0E70126EEE708E0FFFD03
:105050002DE9F7431F46436C01924FF47A725D6865
:1050600004468846C5F3090501356E00856CB5FB1D
:10507000F6F5B5FBF2F555435D6200F0D5FD20B1C4
:105080000125284603B0BDE8F0837E0201A9206D0A
:10509000324602F0CBFB05460028F1D0636C019A42
:1050A000D4F84C909A6501221A654FF0FF329A634A
:1050B0004FF49572DA639E62236BDB064B4658BF52
:1050C0004FEA4828012F42461BD912212046FFF7FC
:1050D000E9FEC0B9D9F80020104B13409BB9636CAE
:1050E00042F2930239462046DA62E26CFFF7F0FEA4
:1050F000804640B932460199206D454602F0CEFB0C
:10510000BFE71121E2E7E26C39462046FFF710FFC6
:1051100032460199206D02F0C1FBB2E708E0FFFDC5
:105120002DE9F3411F46436C01924FF47A725D689A
:1051300004468846C5F3090501356E00856CB5FB4C
:10514000F6F5B5FBF2F555435D6200F06DFD20B15B
:105150000125284602B0BDE8F0817E0201A9206D3C
:10516000324602F0B3FB05460028F1D0636C019A89
:105170009A6501221A654FF0FF329A634FF48D72DF
:10518000DA639E62236BE66CDB06334658BF4FEA58
:105190004828012F424619D919212046FFF782FEDF
:1051A000B0B932680F4B134093B9636C42F291026D
:1051B00039462046DA62E26CFFF78AFE064638B9C5
:1051C00001993546206D02F0BDFBC2E71821E4E7E6
:1051D00039462046E26CFFF7ABFE0199206D02F0E4
:1051E000B1FBB6E708E0FFFD12F0030F2DE9F04137
:1051F00007460C4615461E4617D00E44B44202D14F
:105200000020BDE8F0810123FA6B21463846FFF704
:105210001FFF0028F5D128464FF40072F96B05F501
:1052200000750134FCF774FDE8E7BDE8F041FFF7D5
:105230000FBF000012F0030F2DE9F04107460C46A6
:1052400015461E4617D00E44B44202D10020BDE8D8
:10525000F08129464FF40072F86B05F50075FCF7F4
:1052600057FD0123FA6B21463846FFF759FF002806
:10527000EDD10134E8E7BDE8F041FFF751BF000090
:1052800000207047302310B583F311880024436C4D
:1052900040302146DC6301F031FB84F3118810BDFE
:1052A000026843681143016003B11847704700006A
:1052B000024A136843F0C00313607047004800407F
:1052C000024A136843F0C003136070470050004067
:1052D000024A136843F0C00313607047007800402F
:1052E000064BD3F8E8200243C3F8E820D3F8102196
:1052F0001043C3F81001D3F810317047004402582E
:1053000037B5274C274D204600F028FD04F1140046
:10531000009400234FF40072234900F0C3F94FF4C6
:105320000072224904F138000094214B00F03CFA4D
:10533000204BC4E91735204C204600F00FFD04F146
:105340001400009400234FF400721C4900F0AAF9E5
:105350004FF400721A4904F138000094194B00F020
:1053600023FA194BC4E91735184C204600F0F6FC17
:1053700004F1140000234FF400721549009400F06A
:1053800091F9144B4FF40072134904F13800009462
:1053900000F00AFA114BC4E9173503B030BD00BF65
:1053A0002039002000E1F505643A00206440002027
:1053B000B1520008004800408C390020643C0020B5
:1053C00064420020C152000800500040F83900201B
:1053D000643E0020D1520008644400200078004060
:1053E00038B5264D0446037C002918BF0D46012B15
:1053F00006D1234B984230D14FF48020FFF770FF45
:105400002A68236EE16D03EB5203A566B3FBF2F34A
:105410006A68100442BF23F0070003F0070343EA61
:105420004003CB60AB6843F040034B60EB6843F054
:1054300001038B6042F4967343F001030B604FF05D
:10544000FF330B62510505D512F0102211D0B2F1D5
:10545000805F10D084F8643038BD0A4B984205D084
:10546000094B9842CCD14FF08040C7E74FF48010F1
:10547000C4E77F23EEE73F23ECE700BFD4990008A1
:10548000203900208C390020F83900202DE9F04720
:10549000C66D05463768F469210734621AD014F0E6
:1054A000080118BF4FF48071E20748BF41F02001A6
:1054B000A3074FF0300348BF41F04001600748BFE9
:1054C00041F0800183F31188281DFFF7E9FE0023D6
:1054D00083F31188E2050AD5302383F311884FF452
:1054E0008061281DFFF7DCFE002383F311884FF055
:1054F00030094FF0000A14F0200838D13B0616D5C9
:105500004FF0300905F1380A200610D589F31188CB
:10551000504600F07DF9002836DA0821281DFFF7F3
:10552000BFFE27F080033360002383F311887906E0
:1055300014D5620612D5302383F31188D5E91323DD
:105540009A4208D12B6C33B127F040071021281D57
:10555000FFF7A6FE3760002383F31188E30618D512
:10556000AA6E1369ABB15069BDE8F047184789F3DB
:105570001188736A284695F86410194000F008FCF9
:105580008AF31188F469B6E7B06288F31188F46988
:10559000BAE7BDE8F0870000090100F1604301228D
:1055A00003F56143C9B283F8001300F01F039A406A
:1055B00043099B0003F1604303F56143C3F8802175
:1055C0001A60704700F01F0301229A40430900F15E
:1055D00060409B0000F5614003F1604303F56143C7
:1055E000C3F88020C3F88021002380F8003370477F
:1055F000F8B51546826804460B46AA4200D2856873
:10560000A1692669761AB5420BD218462A46FCF7DC
:105610007FFBA3692B44A3612846A3685B1BA3609F
:10562000F8BD0CD9AF1B18463246FCF771FB3A4661
:10563000E1683044FCF76CFBE3683B44EBE7184659
:105640002A46FCF765FBE368E5E7000083689342C0
:10565000F7B50446154600D28568D4E90460361AC9
:10566000B5420BD22A46FCF753FB63692B446361B6
:105670002846A3685B1BA36003B0F0BD0DD932467A
:10568000AF1B0191FCF744FB01993A46E0683144B5
:10569000FCF73EFBE3683B44E9E72A46FCF738FBAE
:1056A000E368E4E710B50A440024C361029B846008
:1056B000C16002610362C0E90000C0E9051110BDCC
:1056C00008B5D0E90532934201D1826882B9826877
:1056D000013282605A1C426119700021D0E9043203
:1056E0009A4224BFC368436101F022F9002008BD3B
:1056F0004FF0FF30FBE7000070B5302304460E4644
:1057000083F31188A568A5B1A368A269013BA360D2
:10571000531CA36115782269934224BFE368A361F7
:10572000E3690BB120469847002383F3118828468C
:1057300007E03146204601F0EBF80028E2DA85F375
:10574000118870BD2DE9F74F04460E46174698465E
:10575000D0F81C904FF0300A8AF311884FF0000BFC
:10576000154665B12A4631462046FFF741FF0346FC
:1057700060B94146204601F0CBF80028F1D0002363
:1057800083F31188781B03B0BDE8F08FB9F1000FE7
:1057900003D001902046C847019B8BF31188ED1A76
:1057A0001E448AF31188DCE7C160C361009B8260FC
:1057B0000362C0E905111144C0E9000001617047AE
:1057C000F8B504460D461646302383F31188A768C2
:1057D000A7B1A368013BA36063695A1C62611D7095
:1057E000D4E904329A4224BFE3686361E3690BB1F0
:1057F00020469847002080F3118807E03146204674
:1058000001F086F80028E2DA87F31188F8BD00007D
:10581000D0E9052310B59A4201D182687AB982682D
:105820000021013282605A1C82611C7803699A420D
:1058300024BFC368836101F07BF8204610BD4FF0A0
:10584000FF30FBE72DE9F74F04460E461746984612
:10585000D0F81C904FF0300A8AF311884FF0000BFB
:10586000154665B12A4631462046FFF7EFFE03464E
:1058700060B94146204601F04BF80028F1D00023E2
:1058800083F31188781B03B0BDE8F08FB9F1000FE6
:1058900003D001902046C847019B8BF31188ED1A75
:1058A0001E448AF31188DCE70379052B05BF836A60
:1058B000002001204B6004BF4FF400730B60704761
:1058C00070B55D1E866A04460D44B54205D9436B2A
:1058D00043F080034363012070BD06250571FFF787
:1058E00083FC05232371F7E770B55D1E866A0446C5
:1058F0000D44B54205D9436B43F080034363012057
:1059000070BD07250571FFF795FC05232371F7E7A7
:1059100038B505790446052D05D108230371FFF735
:10592000AFFC257138BD0120FCE700000323F0B572
:10593000037185B00446FFF749FA0022204611465C
:10594000FFF78EFA4FF4D57203AB08212046FFF71C
:10595000A9FA0246B8B901232363039BC3F30323C7
:10596000012B09D103AB37212046FFF79BFA18B969
:10597000A44B039A1340ABB120460125FFF758FA18
:105980000223237137E103AB002237212046FFF7C2
:1059900089FA28B99B4A039B1A40002A00F0A78085
:1059A00002232363236B03F00F03022B40F0A98033
:1059B0006425954E42F2107000F086FF03AB32462C
:1059C00001212046FFF758FA0028D5D1039B002B70
:1059D00080F293805A0003D5236B43F010032363B6
:1059E000002204F1080302212046FFF7B9FA02461B
:1059F0000028C1D104F1380303212046FFF752FAF1
:105A00000028B9D104F11805A26B092120462B46C4
:105A1000FFF7A6FA0028AFD102ABA26B0721204600
:105A2000FFF740FA06460028A6D1236B03F00F03C8
:105A3000022B40F08F807E227F21284603F054F90C
:105A4000012840F28780E76B42F2107000F03CFFC3
:105A500008234FF40072394620460096FFF79CFA5F
:105A6000002889D1384603F08DF9236BA06203F03A
:105A70000F03022B72D103AB644A06212046FFF7C5
:105A800011FA002871D15F49039B1940B1FA81F1E5
:105A900049092046FFF7ACF902AB4FF40072102120
:105AA0002046FFF7FFF9054600287FF465AF554E05
:105AB000029B33427FF460AF236B13F00E0F03F0B1
:105AC0000F0273D0022A7FF457AFE36A19780129D5
:105AD00000F09480022900F09380002900F0898072
:105AE0004B4F2046FFF7AAF903AB3A4676E0114642
:105AF00020462263FFF7B4F954E7013D7FF45AAF23
:105B00003AE7444D6426444A3E4F012B18BF1546E0
:105B100003AB002237212046FFF7C4F900287FF4A9
:105B20002BAF039B3B427FF427AF03AB2A462921CF
:105B30002046FFF7A1F900287FF41EAF039B002B3E
:105B4000FFF648AF013E3FF417AF42F2107000F08D
:105B5000BBFEDDE7284603F0E9F886E77E227F21D9
:105B60002846E66B03F0C0F808B9002191E700234E
:105B700040223146204600930623FFF70DFA002805
:105B8000F3D1B3895BBA9B07EFD5244B4022314652
:105B9000204600930623FFF7FFF90028E5D1317C6A
:105BA00001F00F010F3918BF012172E7E36A19787C
:105BB000F9B101297FF4E0AE2046FFF73FF903ABCE
:105BC000A26B37212046FFF76DF900287FF4D4AE91
:105BD000039B33427FF4D0AE03AB02220621204662
:105BE000FFF760F900287FF4C7AE039B33427FF4D0
:105BF000C3AE05232371284605B0F0BD084F70E7FA
:105C0000084F6EE708E0FFFD0080FFC00001B90308
:105C10000000B7030080FF5000001080F1FFFF80FC
:105C20000001B7030002B70337B504460C4D01ABC2
:105C3000A26B0D212046FFF735F978B9019B2B4265
:105C40000BD1C3F34323042B08D0053B022B04D80C
:105C50004FF47A7000F038FEE9E7012003B030BD60
:105C600008E0FFFD70B53023054683F31188037902
:105C70000024022B03D184F31188204670BD042335
:105C8000037184F311880226FFF7CEFF04462846ED
:105C9000FFF7CEF82E71F0E7FFF722B8044B036050
:105CA0000123037100234363C0E90A33704700BF37
:105CB000EC99000810B53023044683F31188C162C3
:105CC000FFF728F802230020237180F3118810BD0C
:105CD00010B53023044683F31188FFF745F80023FD
:105CE0000122E362227183F3118810BD02684368C8
:105CF0001143016003B11847704700001430FFF7EB
:105D000021BD00004FF0FF331430FFF71BBD000032
:105D10003830FFF797BD00004FF0FF333830FFF702
:105D200091BD00001430FFF7E7BC00004FF0FF31D9
:105D30001430FFF7E1BC00003830FFF741BD000030
:105D40004FF0FF323830FFF73BBD0000012914BF90
:105D50006FF0130000207047FFF7D2BA044B0360C6
:105D600000234360C0E9023301230374704700BF7E
:105D7000109A000810B53023044683F31188FFF70A
:105D80002FFB02230020237480F3118810BD000034
:105D900038B5C36904460D461BB904210844FFF712
:105DA000A5FF294604F11400FFF78AFC002806DA53
:105DB000201D4FF40061BDE83840FFF797BF38BDA4
:105DC000026843681143016003B11847704700003F
:105DD00013B5406B00F58054D4F8A4381A681178D4
:105DE000042914D1017C022911D1197901231289C6
:105DF0008B4013420BD101A94C3002F0A3FED4F822
:105E0000A4480246019B2179206800F0DFF902B026
:105E100010BD0000143002F025BE00004FF0FF332B
:105E2000143002F01FBE00004C3002F0F7BE00003C
:105E30004FF0FF334C3002F0F1BE0000143002F09E
:105E4000F3BD00004FF0FF31143002F0EDBD000053
:105E50004C3002F0C3BE00004FF0FF324C3002F075
:105E6000BDBE00000020704710B500F58054D4F886
:105E7000A4381A681178042917D1017C022914D199
:105E80005979012352898B4013420ED1143002F00C
:105E900085FD024648B1D4F8A4484FF440736179B7
:105EA0002068BDE8104000F07FB910BD406BFFF7DF
:105EB000DBBF0000704700007FB5124B01250426B0
:105EC000044603600023057400F184024360294600
:105ED000C0E902330C4B0290143001934FF440732D
:105EE000009602F037FD094B04F69442294604F16E
:105EF0004C000294CDE900634FF4407302F0FEFDC4
:105F000004B070BD389A0008AD5E0008D15D00088D
:105F10000A68302383F311880B790B3342F823008E
:105F20004B79133342F823008B7913B10B3342F8CA
:105F3000230000F58053C3F8A41802230374002043
:105F400080F311887047000038B5037F044613B111
:105F500090F85430ABB90125201D0221FFF730FF26
:105F600004F114006FF00101257700F0EDFC04F15D
:105F70004C0084F854506FF00101BDE8384000F047
:105F8000E3BC38BD10B5012104460430FFF718FF0B
:105F90000023237784F8543010BD000038B5044640
:105FA0000025143002F0EEFC04F14C00257702F0DD
:105FB000BDFD201D84F854500121FFF701FF20464C
:105FC000BDE83840FFF750BF90F8803003F0600321
:105FD000202B06D190F881200023212A03D81F2AE4
:105FE00006D800207047222AFBD1C0E91D3303E008
:105FF000034A426707228267C3670120704700BFD8
:106000004422002037B500F58055D5F8A4381A6829
:10601000117804291AD1017C022917D11979012399
:1060200012898B40134211D100F14C04204602F03A
:106030003DFE58B101A9204602F084FDD5F8A448E0
:106040000246019B2179206800F0C0F803B030BD02
:1060500001F10B03F0B550F8236085B004460D46FE
:10606000FEB1302383F3118804EB8507301D08212E
:10607000FFF7A6FEFB6806F14C005B691B681BB1CD
:10608000019002F06DFD019803A902F05BFD02464C
:1060900048B1039B2946204600F098F8002383F37B
:1060A000118805B0F0BDFB685A691268002AF5D066
:1060B0001B8A013B1340F1D104F18002EAE70000A2
:1060C000133138B550F82140ECB1302383F31188F7
:1060D00004F58053D3F8A4281368527903EB8203A4
:1060E000DB689B695D6845B104216018FFF768FEB5
:1060F000294604F1140002F05BFC2046FFF7B4FED1
:10610000002383F3118838BD7047000001F072BD91
:1061100001234022002110B5044600F8303BFBF774
:106120001DFE0023C4E9013310BD000010B530236B
:10613000044683F311882422416000210C30FBF7D0
:106140000DFE204601F078FD02230020237080F32D
:10615000118810BD70B500EB8103054650690E46ED
:106160001446DA6018B110220021FBF7F7FDA06990
:1061700018B110220021FBF7F1FD31462846BDE899
:10618000704001F05FBE000083682022002103F010
:10619000011310B5044683601030FBF7DFFD204685
:1061A000BDE8104001F0DABEF0B4012500EB810437
:1061B00047898D40E4683D43A469458123600023FD
:1061C000A2606360F0BC01F0F7BE0000F0B40125EE
:1061D00000EB810407898D40E4683D4364690581D3
:1061E00023600023A2606360F0BC01F06DBF00007B
:1061F00070B5022300250446242203702946C0F806
:1062000088500C3040F8045CFBF7A8FD204684F869
:10621000705001F0ABFD63681B6823B1294620462E
:10622000BDE87040184770BD0378052B10B50446D3
:106230000AD080F88C300523037043681B680BB1CB
:10624000042198470023A36010BD000001780529B0
:1062500006D190F88C20436802701B6803B1184780
:106260007047000070B590F87030044613B10023F9
:1062700080F8703004F18002204601F093FE6368DC
:106280009B68B3B994F8803013F0600535D00021D5
:10629000204602F085F90021204602F075F9636876
:1062A0001B6813B1062120469847062384F87030F6
:1062B00070BD204698470028E4D0B4F88630A26F1D
:1062C0009A4288BFA36794F98030A56F002B4FF0E6
:1062D000300380F20381002D00F0F280092284F85F
:1062E000702083F3118800212046D4E91D23FFF795
:1062F0006DFF002383F31188DAE794F8812003F01F
:106300007F0343EA022340F20232934200F0C58049
:1063100021D8B3F5807F48D00DD8012B3FD0022B78
:1063200000F09380002BB2D104F188026267022250
:10633000A267E367C1E7B3F5817F00F09B80B3F507
:10634000407FA4D194F88230012BA0D1B4F88830DA
:1063500043F0020332E0B3F5006F4DD017D8B3F528
:10636000A06F31D0A3F5C063012B90D8636820469D
:1063700094F882205E6894F88310B4F88430B047B3
:10638000002884D0436863670368A3671AE0B3F505
:10639000106F36D040F6024293427FF478AF5C4BE8
:1063A00063670223A3670023C3E794F88230012BBD
:1063B0007FF46DAFB4F8883023F00203A4F888307E
:1063C000C4E91D55E56778E7B4F88030B3F5A06FF0
:1063D0000ED194F88230204684F88A3001F024FDF2
:1063E00063681B6813B1012120469847032323707B
:1063F0000023C4E91D339CE704F18B036367012389
:10640000C3E72378042B10D1302383F3118820466F
:10641000FFF7BAFE85F311880321636884F88B5077
:1064200021701B680BB12046984794F88230002BEE
:10643000DED084F88B300423237063681B68002B44
:10644000D6D0022120469847D2E794F884302046DF
:106450001D0603F00F010AD501F096FD012804D0B6
:1064600002287FF414AF2B4B9AE72B4B98E701F0EF
:106470007DFDF3E794F88230002B7FF408AF94F8A9
:10648000843013F00F01B3D01A06204602D502F073
:106490009FF8ADE702F090F8AAE794F88230002B5D
:1064A0007FF4F5AE94F8843013F00F01A0D01B06F2
:1064B000204602D502F074F89AE702F065F897E7F3
:1064C000142284F8702083F311882B462A4629462B
:1064D0002046FFF769FE85F31188E9E65DB11522D4
:1064E00084F8702083F3118800212046D4E91D230D
:1064F000FFF75AFEFDE60B2284F8702083F3118823
:106500002B462A4629462046FFF760FEE3E700BFF8
:10651000689A0008609A0008649A000838B590F8F4
:1065200070300446002B3ED0063BDAB20F2A34D836
:106530000F2B32D8DFE803F0373131082232313106
:106540003131313131313737856FB0F886309D4286
:1065500014D2C3681B8AB5FBF3F203FB12556DB965
:10656000302383F311882B462A462946FFF72EFE57
:1065700085F311880A2384F870300EE0142384F820
:106580007030302383F31188002320461A461946C1
:10659000FFF70AFE002383F3118838BDC36F03B1F0
:1065A00098470023E7E70021204601F0F9FF00218A
:1065B000204601F0E9FF63681B6813B106212046FD
:1065C00098470623D7E7000010B590F870300446CE
:1065D000142B29D017D8062B05D001D81BB110BD1C
:1065E000093B022BFBD80021204601F0D9FF0021F6
:1065F000204601F0C9FF63681B6813B106212046DD
:106600009847062319E0152BE9D10B2380F8703049
:10661000302383F3118800231A461946FFF7D6FD6D
:10662000002383F31188DAE7C3689B695B68002B5A
:10663000D5D1C36F03B19847002384F87030CEE7FB
:106640000023826880F8243083691B68996891422E
:10665000FBD25A68036042601060586070470000C7
:106660000023826880F8243083691B68996891420E
:10667000FBD85A68036042601060586070470000A1
:1066800008B50846302383F3118891F82430032B92
:1066900005D0042B0DD02BB983F3118808BD8B6A6C
:1066A00000221A604FF0FF338362FFF7C9FF002317
:1066B000F2E7D1E9003213605A60F3E7034610B500
:1066C0001B68984203D09C688A689442F8D25A6842
:1066D0000B604A601160596010BD0000FFF7B0BF49
:1066E00038B50B4B1C68DD6885F8240022685360C0
:1066F0001A600122DC60A36884F82420934201D14F
:1067000001F03EF929462046BDE83840F9F77ABE47
:10671000684600200C4B30B5DD684B1C87B0044642
:106720000FD02B46094A684600F0A2F92046FFF731
:10673000D7FF009B13B1684600F0A4F9A86A07B020
:1067400030BDFFF7CDFFF9E76846002081660008FD
:10675000044B1A68DB6890689B68984294BF0020DD
:10676000012070476846002038B50C4B1C68DD6876
:10677000226853601A600122DC6084F82420AB6830
:10678000934201D101F0FEF82846FFF769FF014668
:106790002046BDE83840F9F735BE00BF6846002006
:1067A000044B1A68DB6892689B689A4201D9FFF72C
:1067B000DBBF70476846002038B50123084C002530
:1067C0002370656002F00CFB02F032FB05490648BD
:1067D00002F008FC0223237085F3118838BD00BF46
:1067E00010490020709A00086846002000F080B927
:1067F000034A516853685B1A9842FBD8704700BF40
:10680000001000E08B604B630023CA6100F1280296
:106810000B6302230A618B840123886181F826308F
:1068200001F11003C26A4A611360C36201F12C03D3
:106830000846CB6270470000D0E90131026841F898
:10684000183CA1F19C033839CB60036941F8243C22
:10685000436941F8203C034B41F8043CC3680248BB
:10686000FFF7D0BF1D0400086846002008B5FFF7F9
:10687000E3FFBDE80840FFF731BF000038B50E4B1D
:10688000DC6804F12C05A062E06AA8420FD194F8FC
:1068900026303BB994F825309B0702BFD4E9043277
:1068A00013605A600F20BDE83840FFF719BF036836
:1068B000E362FFF713FFE7E768460020302383F326
:1068C0001188FFF7DBBF000008B50146302383F3D2
:1068D00011880820FFF71EFF002383F3118808BDED
:1068E000054BDB6821B1036098620320FFF712BFFC
:1068F0004FF0FF30704700BF6846002003682BB19F
:106900000022026018469962FFF7E8BE7047000057
:10691000064BDB6839B1426818605A601360436007
:106920000420FFF7F7BE4FF0FF30704768460020A5
:106930000368984206D01A6802605060184699624F
:10694000FFF7CCBE7047000038B504460D462068FE
:10695000844200D138BD036823605C608562FFF724
:10696000BDFEF4E7036810B59C68A2420CD85C68D1
:106970008A600B604C602160596099688A1A9A603D
:106980004FF0FF33836010BD121B1B68ECE7000063
:106990000A2938BF0A2170B504460D460A26601937
:1069A00002F018FA02F000FA041BA54203D8751C85
:1069B00004462E46F3E70A2E04D90120BDE87040B4
:1069C00002F0D8BB70BD0000F8B5144B0D460A2A82
:1069D0004FF00A07D96103F11001826038BF0A2223
:1069E000416019691446016048601861A81802F0F6
:1069F000E1F902F0D9F9431B0646A34206D37C1CF9
:106A000028192746354602F0E5F9F2E70A2F04D99E
:106A10000120BDE8F84002F0ADBBF8BD684600209B
:106A2000F8B506460D4602F0BFF90F4A134653F873
:106A3000107F9F4206D12A4601463046BDE8F84005
:106A4000FFF7C2BFD169BB68441A2C1928BF2C4676
:106A5000A34202D92946FFF79BFF2246314603484D
:106A6000BDE8F840FFF77EBF68460020784600206A
:106A7000C0E90323002310B45DF8044B4361FFF722
:106A8000CFBF000010B5194C236998420DD0816822
:106A9000D0E9003213605A609A680A449A60002371
:106AA00003604FF0FF33A36110BD0268234643F833
:106AB000102F53600022026022699A4203D1BDE880
:106AC000104002F081B9936881680B44936002F032
:106AD0006BF92269E1699268441AA242E4D911442F
:106AE000BDE81040091AFFF753BF00BF68460020F9
:106AF0002DE9F047DFF8BC8008F110072C4ED8F8DC
:106B0000105002F051F9D8F81C40AA68031B9A42B1
:106B10003ED814444FF00009D5E90032C8F81C40B3
:106B200013605A60C5F80090D8F81030B34201D114
:106B300002F04AF989F31188D5E9033128469847CC
:106B4000302383F311886B69002BD8D002F02CF925
:106B50006A69A0EB040982464A450DD2022002F080
:106B600009FB0022D8F81030B34208D1514628461C
:106B7000BDE8F047FFF728BF121A2244F2E712EBF4
:106B800009092946384638BF4A46FFF7EBFEB5E704
:106B9000D8F81030B34208D01444C8F81C00211AA9
:106BA000A960BDE8F047FFF7F3BEBDE8F08700BF7E
:106BB000784600206846002038B502F0F5F8054A0E
:106BC000D2E90845031B181945F10001C2E9080183
:106BD00038BD00BF6846002010B560B90748047989
:106BE0000368053C9B6818BF0124984708B144F02E
:106BF0000404204610BD0124FBE700BFC836002076
:106C0000FFF7EABF2DE9F047884617469A46044643
:106C1000B0B90D4E3579052D05D003240DE0013DA9
:106C200015F0FF050ED03268534639463046D2F88B
:106C300014904246C8470028F1D12046BDE8F087AD
:106C40000424FAE70124F8E7C83600202DE9F047CC
:106C5000884617469A460446B0B90D4E3579052D3B
:106C600005D003240DE0013D15F0FF050ED032687C
:106C7000534639463046D2F818904246C847002855
:106C8000F1D12046BDE8F0870424FAE70124F8E7B3
:106C9000C836002037B50C46154670B951B10129E8
:106CA0000BD10748694603681B6A984710B9019BD6
:106CB00004462B60204603B030BD0424FAE700BF31
:106CC000C836002000207047FEE700007047000033
:106CD0004FF0FF30704700004B6843608B68836063
:106CE000CB68C3600B6943614B6903628B69436284
:106CF0000B6803607047000008B53C4B40F2FF7121
:106D00003B48D3F888200A43C3F88820D3F888206A
:106D100022F4FF6222F00702C3F88820D3F888200B
:106D2000D3F8E0200A43C3F8E020D3F808210A434F
:106D3000C3F808212F4AD3F808311146FFF7CCFFDA
:106D400000F5806002F11C01FFF7C6FF00F58060CE
:106D500002F13801FFF7C0FF00F5806002F1540135
:106D6000FFF7BAFF00F5806002F17001FFF7B4FF92
:106D700000F5806002F18C01FFF7AEFF00F5806046
:106D800002F1A801FFF7A8FF00F5806002F1C4013D
:106D9000FFF7A2FF00F5806002F1E001FFF79CFF22
:106DA00000F5806002F1FC01FFF796FF02F58C719F
:106DB00000F58060FFF790FF01F0A2FC0E4BD3F8C6
:106DC000902242F00102C3F89022D3F8942242F0BC
:106DD0000102C3F894220522C3F898204FF06052B4
:106DE000C3F89C20054AC3F8A02008BD00440258FF
:106DF00000000258849A000800ED00E01F0008031C
:106E000008B501F093FDFFF7D7FC104BD3F8DC2059
:106E100042F04002C3F8DC20D3F8042122F0400203
:106E2000C3F80421D3F80431094B1A6842F0080270
:106E30001A601A6842F004021A6000F08BFD00F03C
:106E400041FBBDE8084000F0B5B800BF004402585F
:106E5000001802480120704700207047704700006A
:106E600002290CD0032904D00129074818BF0020AB
:106E70007047032A05D8054800EBC2007047044854
:106E800070470020704700BF849C000854220020F7
:106E9000389C000870B59AB005460846144601A90A
:106EA00000F0C2F801A8FAF751FF431C0022C6B255
:106EB0005B001046C5E9003423700323023404F854
:106EC000013C01ABD1B202348E4201D81AB070BD80
:106ED00013F8011B013204F8010C04F8021CF1E75D
:106EE00008B5302383F311880348FFF78BF800239C
:106EF00083F3118808BD00BF1849002090F8803046
:106F000003F01F02012A07D190F881200B2A03D138
:106F10000023C0E91D3315E003F06003202B08D1E6
:106F2000B0F884302BB990F88120212A03D81F2A89
:106F300004D8FFF749B8222AEBD0FAE7034A4267A0
:106F400007228267C3670120704700BF4B220020E1
:106F500007B5052917D8DFE801F01916031919201C
:106F6000302383F31188104A01210190FFF7F2F8D2
:106F7000019802210D4AFFF7EDF80D48FFF70EF8D2
:106F8000002383F3118803B05DF804FB302383F3FF
:106F900011880748FEF7D8FFF2E7302383F3118802
:106FA0000348FEF7EFFFEBE7D89B0008FC9B0008C7
:106FB0001849002038B50C4D0C4C2A460C4904F1F8
:106FC0000800FFF767FF05F1CA0204F11000094944
:106FD000FFF760FF05F5CA7204F118000649BDE825
:106FE0003840FFF757BF00BFF06100205422002057
:106FF000B89B0008C29B0008CD9B000870B50446F2
:1070000008460D46FAF7A2FEC6B2204601340378C0
:107010000BB9184670BD32462946FAF783FE0028A0
:10702000F3D10120F6E700002DE9F04705460C46B4
:10703000FAF78CFE2C49C6B22846FFF7DFFF08B1ED
:107040000C36F6B229492846FFF7D8FF08B11036AA
:10705000F6B2632E0BD8DFF89080DFF89090244FC3
:10706000DFF898A02E7846B92670BDE8F08729464B
:107070002046BDE8F04702F03DB9252E30D1072269
:1070800041462846FAF74EFE80B91A4B224603F1D4
:10709000100153F8040B8B4242F8040BF9D1198804
:1070A00007359B78133411809370DBE7082249463B
:1070B0002846FAF737FE98B9A21C0F4B197802320E
:1070C0000909C95D02F8041C13F8011B01F00F0146
:1070D0005345C95D02F8031CF0D118340835C1E7E7
:1070E000013504F8016BBDE7A49C0008CD9B0008A6
:1070F000C09C0008AC9C000800E8F11F0CE8F11FE0
:10710000BFF34F8F044B1A695107FCD1D3F81021FC
:107110005207F8D1704700BF0020005208B50D4B50
:107120001B78ABB9FFF7ECFF0B4BDA68D10704D53E
:107130000A4A5A6002F188325A60D3F80C21D20709
:1071400006D5064AC3F8042102F18832C3F80421A7
:1071500008BD00BF4E640020002000522301674597
:1071600008B5114B1B78F3B9104B1A69510703D5B9
:10717000DA6842F04002DA60D3F81021520705D5F0
:10718000D3F80C2142F04002C3F80C21FFF7B8FFFE
:10719000064BDA6842F00102DA60D3F80C2142F0C3
:1071A0000102C3F80C2108BD4E64002000200052EB
:1071B0000F289ABF00F5806040040020704700004F
:1071C0004FF4003070470000102070470F2808B5BA
:1071D0000BD8FFF7EDFF00F500330268013204D150
:1071E00004308342F9D1012008BD0020FCE70000F3
:1071F0000F2838B505463FD8FFF782FF1F4CFFF731
:107200008DFF4FF0FF3307286361C4F814311DD898
:107210002361FFF775FF030243F02403E360E36893
:1072200043F08003E36023695A07FCD42846FFF744
:1072300067FFFFF7BDFF4FF4003100F0BBFA2846AF
:10724000FFF78EFFBDE83840FFF7C0BFC4F810312C
:10725000FFF756FFA0F108031B0243F02403C4F814
:107260000C31D4F80C3143F08003C4F80C31D4F85D
:1072700010315B07FBD4D9E7002038BD0020005255
:107280002DE9F84F04460D46104644EA0203DE0697
:1072900002D00020BDE8F88F20F01F00DFF8D4B046
:1072A000DFF8D4A0FFF73AFF05EB0008454503D10E
:1072B0000120FFF755FFEDE720222946204601F087
:1072C000BFFF10B920342035F0E7234604F1200237
:1072D0001F68791CDDD104339342F9D104F178435E
:1072E0002048214EB3F5801F204B38BF184603F1CC
:1072F000F80332BFD946D1461E46FFF701FF0760AB
:10730000A4EB050C336805F11C0143F00203336064
:107310002B1FD9F8007017F00507FAD153F8042F86
:107320008B424CF80320F4D1BFF34F8FFFF7E8FEF8
:107330004FF0FF330360336823F002033360BFF381
:107340004F8F0B4BC3F85C42BFF34F8FBFF36F8F70
:1073500020222946204601F073FF0028B2D038468B
:10736000A7E700BF142100520C2000521420005245
:1073700000ED00E0102000521021005210B5084C22
:10738000237828B11BB9FFF7C9FE0123237010BD74
:10739000002BFCD02070BDE81040FFF7E1BE00BF1D
:1073A0004E6400202DE9F04F0D4685B0814658B15E
:1073B00011F00D0614BF2022082211F008030193DA
:1073C00004D0431E034269D0002435E0002E37D09C
:1073D00009F11F0121F01F094FF00108314F05F09D
:1073E0000403DFF8CCA005EA080BBBF1000F32D094
:1073F0007869C0072FD408F101080C37B8F1060FDF
:10740000F3D19EB9284D4946A819019201F032FDE9
:107410000446002839D12036019AA02EF3D14946DE
:1074200001F028FD044600282FD1019A49461F4843
:1074300001F020FD044660BB204605B0BDE8F08F9A
:107440000029C9D101462846029201F013FD0446E5
:10745000D8B9029AC0E713B178694107CBD5AC0718
:1074600002D578698007C6D5019911B178690107FD
:10747000C1D549460AEB4810CDE9022301F0FAFCD8
:107480000446DDE902230028B5D04A460021204603
:1074900001E04A460021FAF761FCCDE70246002EE2
:1074A00096D199E7D49C0008906400205064002095
:1074B000706400200021FFF775BF00000121FFF775
:1074C00071BF000000231A4670B51A600433B3F58B
:1074D000806FFAD1104D0124104E06EB4410013498
:1074E0002A6955F80C1F01F0B1FC062CF5D137259F
:1074F0004FF4C0542046FFF7E1FF014628B1224671
:107500000748BDE8704001F0A1BCC4EBC404013DD4
:107510004FEAD404EED170BDD49C00087064002002
:10752000506400200421FFF73DBF00004843FFF7EF
:10753000C1BF000008B101F00FBD7047B0F5805F1A
:1075400010B5044607D8FFF7EDFF28B92046BDE87F
:107550001040FFF7AFBF002010BD0000FFF7EABFEB
:1075600070B5AAB140EA010313F01F030FD1094C13
:107570000144A5686D0706D52568A84203D366684F
:107580003544A94204D903330C34122BF1D1002223
:10759000104670BDD49C000808B501F0F3FD034A05
:1075A000D2E90032C01842EB010108BD306500206D
:1075B000434BD3E900232DE9F34113437CD0FFF77C
:1075C000EBFF404A00230027F8F736FF06460D463A
:1075D0003D4A0023F8F730FF002314463046294681
:1075E000394AF8F729FF4FF461613C23ADF8017087
:1075F000B4FBF1F5B4FBF3F601FB154103FB1646B2
:107600004624B1FBF3F1314BF6B28DF800409842BD
:107610003CD84FF0640C4FF4C87EA30704F26C72A0
:1076200025D1B2FBFCF30CFB132313BBB2FBFEF31F
:107630000EFB1322B2FA82F35B0903F26D18621C8F
:107640008045D2B217D90FB18DF800400022204CEE
:107650004FF00C0C17460CFB0343D4B2013213F865
:1076600004C084450CD8A0EB0C000127F5E70023EB
:10767000E3E70123E1E7A0EB080014460127CCE78C
:107680000FB18DF80140431C8DF802309DF80100C8
:10769000431C9DF800005038400640EA43509DF8D6
:1076A000023040EA034040EA560040EAC52040EA82
:1076B000411002B0BDE8F0814FF40410F9E700BFBB
:1076C0003065002040420F008051010090230B00E4
:1076D0001C9D00080244074BD2B210B5904200D165
:1076E00010BD441C00B253F8200041F8040BE0B276
:1076F000F4E700BF504000580E4B30B51C6F240417
:1077000005D41C6F1C671C6F44F400441C670A4CB2
:1077100002442368D2B243F480732360074B904243
:1077200000D130BD441C51F8045B00B243F8205036
:10773000E0B2F4E7004402580048025850400058B4
:1077400007B5012201A90020FFF7C4FF019803B08B
:107750005DF804FB13B50446FFF7F2FFA04205D025
:10776000012201A900200194FFF7C6FF02B010BD5D
:1077700010B56424013C4FF47A70FFF7A5F814F0BB
:10778000FF04F7D10A4B102214249A614FF480624F
:107790009A61A3F580534FF400529A61013C4FF473
:1077A0007A70FFF791F814F0FF04F7D110BD00BF15
:1077B000001802580144BFF34F8F064B884204D390
:1077C000BFF34F8FBFF36F8F7047C3F85C02203059
:1077D000F4E700BF00ED00E00144BFF34F8F064B1C
:1077E000884204D3BFF34F8FBFF36F8F7047C3F846
:1077F00070022030F4E700BF00ED00E070B50546F0
:1078000016460C4601201021FFF790FE28604673B3
:107810003CB1204636B1FFF785FE2B68186000B1F9
:107820009C6070BDFFF74AFEF7E70000F8B50F4611
:107830001546044648B905F11F010126386821F0B4
:107840001F01FFF7B7FF3046F8BD427B2946386875
:10785000FFF786FE06460028EDD13B686360A3680B
:10786000AB4210D213B12068FFF764FE637B284659
:107870002BB1FFF757FE206020B9A060E3E7FFF7C8
:107880001DFEF8E7A560206805F11F01012621F023
:107890001F013860FFF78EFF2673D4E770B50E46E0
:1078A00002F11F010446154621F01F013046FFF783
:1078B00093FF4CB12168B14206D1606810B12A46ED
:1078C000FAF726FA0023237370BD0000F8B50F46BF
:1078D0001446054648B904F11F010126386821F015
:1078E0001F01FFF779FF3046F8BD427B214638681B
:1078F000FFF736FE06460028EDD1AB68A34210D252
:1079000013B12868FFF716FE6B7B20462BB1FFF7FB
:1079100009FE286020B9A860E5E7FFF7CFFDF8E78A
:10792000AC60396819B122462868FAF7F1F928687D
:1079300004F11F01012621F01F013860FFF74CFF01
:107940002E73D0E720B103688B4204BF002303737A
:1079500070470000034B1A681AB9034AD2F8D024C2
:107960001A607047386500200040025808B5FFF7DC
:10797000F1FF024B1868C0F3806008BD3865002035
:107980007047000070470000EFF309830549683332
:107990004A6B22F001024A6383F30988002383F3D0
:1079A0001188704700EF00E0302080F3118862B644
:1079B0000D4B0E4AD96821F4E0610904090C0A4311
:1079C0000B49DA60D3F8FC2042F08072C3F8FC2047
:1079D000084AC2F8B01F116841F00101116020226D
:1079E000DA7783F82200704700ED00E00003FA0523
:1079F00055CEACC5001000E0302310B583F31188DC
:107A00000E4B5B6813F4006314D0F1EE103AEFF301
:107A100009844FF08073683CE361094BDB6B23669C
:107A200084F30988FEF794FE10B1064BA36110BDE4
:107A3000054BFBE783F31188F9E700BF00ED00E099
:107A400000EF00E02F0400083204000870B5BFF317
:107A50004F8FBFF36F8F1A4A0021C2F85012BFF345
:107A60004F8FBFF36F8F536943F400335361BFF3FC
:107A70004F8FBFF36F8FC2F88410BFF34F8FD2F8D0
:107A8000803043F6E074C3F3C900C3F34E335B01A7
:107A900003EA0406014646EA81750139C2F86052DC
:107AA000F9D2203B13F1200FF2D1BFF34F8F53696E
:107AB00043F480335361BFF34F8FBFF36F8F70BDBB
:107AC00000ED00E0FEE70000214B2248224A70B59D
:107AD000904237D3214BC11EDA1C121A22F0030246
:107AE0008B4238BF00220021FAF738F91C4A0023E4
:107AF000C2F88430BFF34F8FD2F8803043F6E07481
:107B0000C3F3C900C3F34E335B0103EA0406014625
:107B100046EA81750139C2F86C52F9D2203B13F163
:107B2000200FF2D1BFF34F8FBFF36F8FBFF34F8F93
:107B3000BFF36F8F0023C2F85032BFF34F8FBFF3F4
:107B40006F8F70BD53F8041B40F8041BC0E700BFE3
:107B5000249E0008B4660020B4660020B4660020AD
:107B600000ED00E0074BD3F8D81021EA0001C3F87C
:107B7000D810D3F8002122EA0002C3F80021D3F87C
:107B8000003170470044025870B5D0E92443002208
:107B90004FF0FF359E6804EB42135101D3F8000902
:107BA000002805DAD3F8000940F08040C3F8000946
:107BB000D3F8000B002805DAD3F8000B40F0804022
:107BC000C3F8000B013263189642C3F80859C3F892
:107BD000085BE0D24FF00113C4F81C3870BD000000
:107BE000890141F02001016103699B06FCD4122048
:107BF000FEF7FEBD10B50A4C2046FEF789FA094B88
:107C0000C4F89030084BC4F89430084C2046FEF776
:107C10007FFA074BC4F89030064BC4F8943010BD7F
:107C20003C65002000000840589D0008D8650020F1
:107C300000000440649D000870B503780546012BE0
:107C40005CD1434BD0F89040984258D1414B0E2123
:107C50006520D3F8D82042F00062C3F8D820D3F8CA
:107C6000002142F00062C3F80021D3F80021D3F8CC
:107C7000802042F00062C3F88020D3F8802022F0F8
:107C80000062C3F88020D3F88030FDF785FC324BCA
:107C9000E360324BC4F800380023D5F89060C4F894
:107CA000003EC02323604FF40413A3633369002B09
:107CB000FCDA01230C203361FEF79AFD3369DB0700
:107CC000FCD41220FEF794FD3369002BFCDA002669
:107CD0002846A660FFF758FF6B68C4F81068DB6899
:107CE000C4F81468C4F81C6883BB1D4BA3614FF033
:107CF000FF336361A36843F00103A36070BD194BB8
:107D00009842C9D1134B4FF08060D3F8D82042F08D
:107D10000072C3F8D820D3F8002142F00072C3F8F3
:107D20000021D3F80021D3F8802042F00072C3F87C
:107D30008020D3F8802022F00072C3F88020D3F88E
:107D40008030FFF70FFF0E214D209EE7064BCDE759
:107D50003C6500200044025840140040030020020B
:107D6000003C30C0D8650020083C30C0F8B5D0F8E1
:107D70009040054600214FF000662046FFF730FF97
:107D8000D5F8941000234FF001128F684FF0FF30A8
:107D9000C4F83438C4F81C2804EB431201339F4262
:107DA000C2F80069C2F8006BC2F80809C2F8080BF3
:107DB000F2D20B68D5F89020C5F898306362102392
:107DC0001361166916F01006FBD11220FEF710FDA4
:107DD000D4F8003823F4FE63C4F80038A36943F4F0
:107DE000402343F01003A3610923C4F81038C4F8FA
:107DF00014380B4BEB604FF0C043C4F8103B094BF9
:107E0000C4F8003BC4F81069C4F80039D5F89830BC
:107E100003F1100243F48013C5F89820A362F8BD63
:107E2000349D000840800010D0F8902090F88A100F
:107E3000D2F8003823F4FE6343EA0113C2F8003895
:107E4000704700002DE9F84300EB8103D0F8905013
:107E50000C468046DA680FFA81F94801166806F088
:107E60000306731E022B05EB41134FF0000194BF74
:107E7000B604384EC3F8101B4FF0010104F1100393
:107E800098BF06F1805601FA03F3916998BF06F591
:107E9000004600293AD0578A04F158013743490176
:107EA0006F50D5F81C180B430021C5F81C382B184F
:107EB0000127C3F81019A7405369611E9BB3138AA9
:107EC000928B9B08012A88BF5343D8F898209818B2
:107ED00042EA034301F140022146C8F898002846CF
:107EE00005EB82025360FFF77BFE08EB8900C36855
:107EF0001B8A43EA845348341E4364012E51D5F84B
:107F00001C381F43C5F81C78BDE8F88305EB4917FA
:107F1000D7F8001B21F40041C7F8001BD5F81C1846
:107F200021EA0303C0E704F13F030B4A2846214638
:107F300005EB83035A60FFF753FE05EB4910D0F8B9
:107F4000003923F40043C0F80039D5F81C3823EA7F
:107F50000707D7E70080001000040002D0F8942043
:107F60001268C0F89820FFF70FBE00005831D0F813
:107F7000903049015B5813F4004004D013F4001F03
:107F80000CBF0220012070474831D0F890304901E1
:107F90005B5813F4004004D013F4001F0CBF022000
:107FA0000120704700EB8101CB68196A0B681360F0
:107FB0004B6853607047000000EB810330B5DD680B
:107FC000AA691368D36019B9402B84BF402313609A
:107FD0006B8A1468D0F890201C4402EB4110013CDD
:107FE00009B2B4FBF3F46343033323F0030343EA1E
:107FF000C44343F0C043C0F8103B2B6803F00303B5
:10800000012B0ED1D2F8083802EB411013F4807F17
:10801000D0F8003B14BF43F0805343F00053C0F846
:10802000003B02EB4112D2F8003B43F00443C2F89C
:10803000003B30BD2DE9F041D0F8906005460C467C
:1080400006EB4113D3F8087B3A07C3F8087B08D541
:10805000D6F814381B0704D500EB8103DB685B6896
:108060009847FA071FD5D6F81438DB071BD505EB60
:108070008403D968CCB98B69488A5A68B2FBF0F698
:1080800000FB16228AB91868DA6890420DD2121ADB
:10809000C3E90024302383F3118821462846FFF7E3
:1080A0008BFF84F31188BDE8F081012303FA04F209
:1080B0006B8923EA02036B81CB68002BF3D0214646
:1080C0002846BDE8F041184700EB81034A0170B52E
:1080D000DD68D0F890306C692668E66056BB1A44BB
:1080E0004FF40020C2F810092A6802F00302012AA6
:1080F0000AB20ED1D3F8080803EB421410F4807FC3
:10810000D4F8000914BF40F0805040F00050C4F88B
:10811000000903EB4212D2F8000940F00440C2F813
:1081200000090122D3F8340802FA01F10143C3F82F
:10813000341870BD19B9402E84BF402020602068DB
:108140001A442E8A8419013CB4FBF6F440EAC44078
:1081500040F00050C6E700002DE9F843D0F89060E9
:1081600005460C464F0106EB4113D3F8088918F079
:10817000010FC3F808891CD0D6F81038DB0718D5D2
:1081800000EB8103D3F80CC0DCF81430D3F800E026
:10819000DA68964530D2A2EB0E024FF000091A6061
:1081A000C3F80490302383F31188FFF78DFF89F320
:1081B000118818F0800F1DD0D6F834380126A6405B
:1081C000334217D005EB84030134D5F89050D3F82F
:1081D0000CC0E4B22F44DCF8142005EB0434D2F8D0
:1081E00000E05168714514D3D5F8343823EA060607
:1081F000C5F83468BDE8F883012303FA01F2038966
:1082000023EA02030381DCF80830002BD1D0984721
:10821000CFE7AEEB0103BCF81000834228BF034652
:10822000D7F8180980B2B3EB800FE3D89068A0F1BB
:10823000040959F8048FC4F80080A0EB0908984499
:10824000B8F1040FF5D818440B4490605360C8E7A8
:108250002DE9F84FD0F8905004466E69AB691E4086
:1082600016F480586E6103D0BDE8F84FFDF7C0BF2B
:10827000002E12DAD5F8003E9B0705D0D5F8003E57
:1082800023F00303C5F8003ED5F80438204623F058
:108290000103C5F80438FDF7D9FF370505D5204699
:1082A000FFF772FC2046FDF7BFFFB0040CD5D5F8F0
:1082B000083813F0060FEB6823F470530CBF43F437
:1082C000105343F4A053EB6031071BD56368DB68A0
:1082D0001BB9AB6923F00803AB612378052B0CD1E4
:1082E000D5F8003E9A0705D0D5F8003E23F00303E9
:1082F000C5F8003E2046FDF7A9FF6368DB680BB1B7
:1083000020469847F30200F1BA80B70226D5D4F888
:10831000909000274FF0010A09EB4712D2F8003B7A
:1083200003F44023B3F5802F11D1D2F8003B002B8A
:108330000DDA62890AFA07F322EA0303638104EB88
:108340008703DB68DB6813B139462046984701375D
:10835000D4F89430FFB29B689F42DDD9F00619D55E
:10836000D4F89000026AC2F30A1702F00F0302F475
:10837000F012B2F5802F00F0CA80B2F5402F09D17B
:1083800004EB8303002200F58050DB681B6A9742F0
:1083900040F0B0803003D5F8185835D5E90303D53F
:1083A00000212046FFF746FEAA0303D501212046FF
:1083B000FFF740FE6B0303D502212046FFF73AFE8C
:1083C0002F0303D503212046FFF734FEE80203D52F
:1083D00004212046FFF72EFEA90203D505212046E1
:1083E000FFF728FE6A0203D506212046FFF722FE8A
:1083F0002B0203D507212046FFF71CFEEF0103D512
:1084000008212046FFF716FE700340F1A780E90718
:1084100003D500212046FFF79FFEAA0703D50121BF
:108420002046FFF799FE6B0703D502212046FFF790
:1084300093FE2F0703D503212046FFF78DFEEE069E
:1084400003D504212046FFF787FEA80603D50521A2
:108450002046FFF781FE690603D506212046FFF777
:108460007BFE2A0603D507212046FFF775FEEB05A4
:1084700074D520460821BDE8F84FFFF76DBED4F84B
:1084800090904FF0000B4FF0010AD4F894305FFA4F
:108490008BF79B689F423FF638AF09EB4713D3F841
:1084A000002902F44022B2F5802F20D1D3F8002910
:1084B000002A1CDAD3F8002942F09042C3F80029C0
:1084C000D3F80029002AFBDB3946D4F89000FFF7E7
:1084D00087FB22890AFA07F322EA0303238104EBCC
:1084E0008703DB689B6813B13946204698470BF138
:1084F000010BCAE7910701D1D0F80080072A02F1E9
:1085000001029CBF03F8018B4FEA18283FE704EBF8
:10851000830300F58050DA68D2F818C0DCF8082030
:10852000DCE9001CA1EB0C0C00218F4208D1DB68B8
:108530009B699A683A449A605A683A445A6029E7B3
:1085400011F0030F01D1D0F800808C4501F1010139
:1085500084BF02F8018B4FEA1828E6E7BDE8F88FE0
:1085600008B50348FFF774FEBDE80840FFF744BABA
:108570003C65002008B50348FFF76AFEBDE80840E7
:10858000FFF73ABAD8650020D0F8903003EB4111DC
:10859000D1F8003B43F40013C1F8003B70470000E2
:1085A000D0F8903003EB4111D1F8003943F40013B7
:1085B000C1F8003970470000D0F8903003EB41114A
:1085C000D1F8003B23F40013C1F8003B70470000D2
:1085D000D0F8903003EB4111D1F8003923F40013A7
:1085E000C1F8003970470000064BD3F8DC20024385
:1085F000C3F8DC20D3F804211043C3F80401D3F8F6
:10860000043170470044025808B53C4B4FF0FF312D
:10861000D3F8802062F00042C3F88020D3F8802095
:1086200002F00042C3F88020D3F88020D3F88420E1
:10863000C3F88410D3F884200022C3F88420D3F830
:108640008400D86F40F0FF4040F4FF0040F4DF406A
:1086500040F07F00D867D86F20F0FF4020F4FF0083
:1086600020F4DF4020F07F00D867D86FD3F888006F
:108670006FEA40506FEA5050C3F88800D3F8880082
:10868000C0F30A00C3F88800D3F88800D3F890003C
:10869000C3F89010D3F89000C3F89020D3F890005E
:1086A000D3F89400C3F89410D3F89400C3F894203E
:1086B000D3F89400D3F89800C3F89810D3F8980032
:1086C000C3F89820D3F89800D3F88C00C3F88C1026
:1086D000D3F88C00C3F88C20D3F88C00D3F89C001E
:1086E000C3F89C10D3F89C10C3F89C20D3F89C309E
:1086F000FCF7F2F9BDE8084000F0FCB8004402586D
:1087000008B50122534BC3F80821534BD3F8F4208A
:1087100042F00202C3F8F420D3F81C2142F0020216
:10872000C3F81C210222D3F81C314C4BDA605A6882
:108730009104FCD54A4A1A6001229A60494ADA60DB
:1087400000221A614FF440429A61444B9A699204A4
:10875000FCD51A6842F480721A603F4B1A6F12F40B
:10876000407F04D04FF480321A6700221A671A68DB
:1087700042F001021A60384B1A685007FCD50022FB
:108780001A611A6912F03802FBD1012119604FF009
:10879000804159605A67344ADA62344A1A611A6869
:1087A00042F480321A602C4B1A689103FCD51A6887
:1087B00042F480521A601A689204FCD52C4A2D4962
:1087C0009A6200225A63196301F57C01DA6301F2AF
:1087D000E71199635A64284A1A64284ADA621A68C7
:1087E00042F0A8521A601C4B1A6802F02852B2F1EB
:1087F000285FF9D148229A614FF48862DA614022F9
:108800001A621F4ADA641F4A1A651F4A5A651F4ACC
:108810009A6532231E4A1360136803F00F03022B7C
:10882000FAD10D4A136943F003031361136903F08E
:108830003803182BFAD14FF00050FFF7D5FE4FF058
:108840008040FFF7D1FE4FF00040BDE80840FFF741
:10885000CBBE00BF008000510044025800480258BF
:1088600000C000F0020000010000FF010088900835
:108870002220400063020901470E0508DD0BBF01FD
:1088800020000020000001100910E000000101108C
:108890000020005208B50348FCF7F4FCBDE808408E
:1088A000FFF7AAB8C836002008B50348FCF7EEFD6C
:1088B000BDE80840FFF7A0B82039002008B50348FC
:1088C000FCF7E4FDBDE80840FFF796B88C390020BE
:1088D00008B50348FCF7DAFDBDE80840FFF78CB89F
:1088E000F839002008B500F095FCBDE80840FFF716
:1088F00083B8000008B509217A20FCF74DFE092154
:108900007C20FCF749FE07213220FCF745FE0C21B4
:108910002720FCF741FE0C213520FCF73DFE0C2101
:108920005220BDE80840FCF737BE000008B5FFF74D
:108930006BFE00F043FCFDF70FFAFDF7ADF9FDF714
:10894000E5FBFDF7B7FAFEF789FABDE8084000F04D
:1089500029BA000030B50433039C0172002104FBE6
:108960000325C160C0E90653049B0363059BC0E96E
:108970000000C0E90422C0E90842C0E90A114363CB
:1089800030BD00000022416AC260C0E90411C0E9A4
:108990000A226FF00101FDF7D7BF0000D0E90432D1
:1089A000934201D1C2680AB9181D70470020704770
:1089B000036919600021C2680132C260C2691344B0
:1089C00082699342036124BF436A0361FDF7B0BF2C
:1089D00038B504460D46E3683BB162690020131DBB
:1089E0001268A3621344E36207E0237A33B929468D
:1089F0002046FDF78DFF0028EDDA38BD6FF001004D
:108A0000FBE70000C368C269013BC36043691344CC
:108A100082699342436124BF436A436100238362B6
:108A2000036B03B11847704770B53023044683F3D6
:108A30001188866A3EB9FFF7CBFF054618B186F369
:108A40001188284670BDA36AE26A13F8015B93425D
:108A5000A36202D32046FFF7D5FF002383F31188DA
:108A6000EFE700002DE9F84F04460E4617469846FA
:108A70004FF0300989F311880025AA46D4F828B0B0
:108A8000BBF1000F09D141462046FFF7A1FF20B1FD
:108A90008BF311882846BDE8F88FD4E90A12A7EBBA
:108AA000050B521A934528BF9346BBF1400F1BD9C3
:108AB000334601F1400251F8040B914243F8040B94
:108AC000F9D1A36A403640354033A362D4E90A2382
:108AD0009A4202D32046FFF795FF8AF31188BD42E0
:108AE000D8D289F31188C9E730465A46F9F710F908
:108AF000A36A5E445D445B44A362E7E710B5029C51
:108B00000433017203FB0421C460C0E9061300238F
:108B1000C0E90A33039B0363049BC0E90000C0E97A
:108B20000422C0E90842436310BD0000026A6FF0EE
:108B30000101C260426AC0E904220022C0E90A229F
:108B4000FDF702BFD0E904239A4201D1C26822B9DD
:108B5000184650F8043B0B60704700231846FAE7AC
:108B6000C3680021C2690133C36043691344826949
:108B70009342436124BF436A4361FDF7D9BE0000BD
:108B800038B504460D46E3683BB1236900201A1D41
:108B9000A262E2691344E36207E0237A33B929460B
:108BA0002046FDF7B5FE0028EDDA38BD6FF0010074
:108BB000FBE7000003691960C268013AC260C2693C
:108BC000134482699342036124BF436A0361002313
:108BD0008362036B03B118477047000070B5302300
:108BE0000D460446114683F31188866A2EB9FFF7B5
:108BF000C7FF10B186F3118870BDA36A1D70A36A08
:108C0000E26A01339342A36204D3E1692046043946
:108C1000FFF7D0FF002080F31188EDE72DE9F84F32
:108C200004460D46904699464FF0300A8AF3118863
:108C30000026B346A76A4FB949462046FFF7A0FF72
:108C400020B187F311883046BDE8F88FD4E90A07D0
:108C50003A1AA8EB0607974228BF1746402F1BD9A0
:108C600005F1400355F8042B9D4240F8042BF9D13F
:108C7000A36A40364033A362D4E90A239A4204D35C
:108C8000E16920460439FFF795FF8BF311884645CB
:108C9000D9D28AF31188CDE729463A46F9F738F850
:108CA000A36A3D443E443B44A362E5E7D0E9042384
:108CB0009A4217D1C3689BB1836A8BB1043B9B1A5C
:108CC0000ED01360C368013BC360C3691A44836953
:108CD0009A42026124BF436A036100238362012335
:108CE000184670470023FBE701F01F03F0B502F0C0
:108CF0001F0456095A1C0123B6EB511F50F8265089
:108D000003FA02F34FEA511703F1FF333DBF50F866
:108D10002720C4F12000134003EA05003BBF03FAFB
:108D200000F225FA04F0E0401043F0BD70B57E2259
:108D30007F210546FFF7D8FF18B1012819D0002080
:108D400070BD3E2249212846FFF7CEFF2F22044660
:108D500031212846FFF7C8FF06460134502202366B
:108D600053212846B440FFF7BFFF093804FA00F04A
:108D7000E6E7302245212846FFF7B6FF01308002A2
:108D8000DEE7000090F8D63090F8D7201B0403EB04
:108D9000026390F8D42090F8D500134403EB002030
:108DA0007047000000F00CBA014B586A704700BFD2
:108DB000000C0040034B002258631A610222DA6063
:108DC000704700BF000C0040014B0022DA60704782
:108DD000000C0040014B5863704700BF000C00407E
:108DE000024B034A1A60034A5A6070478C6600209F
:108DF000B866002000000220074B494210B55C68AD
:108E0000201A08401968821A8A4203D3A24201D864
:108E10005A6010BD0020FCE78C66002008B53023A6
:108E200083F31188FFF7E8FF002383F3118808BD5F
:108E30000448054B03600023C0E901330C3000F007
:108E400017B900BF946600201D8E0008CB1D083A9C
:108E500023F00703591A521A10B4D2080024C0E9AB
:108E6000004384600C301C605A605DF8044B00F0D5
:108E7000FFB800002DE9F74F364FCD1D884600287A
:108E800018BF0746082A4FEAD50538BF082207F160
:108E90000C003C1D9146019000F02CF9019809F15D
:108EA0000701C9F1000E2246246864B900F02CF9CC
:108EB0003B68CBB308224946E8009847044698B37C
:108EC00040E9027830E004EB010CD4F804A00CEA8D
:108ED0000E0C0AF10106ACF1080304EBC6069E4233
:108EE000E1D9A6EB0C0CB5EBEC0F4FEAEC0BDAD8A2
:108EF0009C421DD204F10802AB45A3EB02024FEAEB
:108F0000E202626009D9691CED4303EBC1025D44D2
:108F10005560256843F8315022601C46C3F8048030
:108F200044F8087B00F0F0F8204603B0BDE8F08F6D
:108F3000AA45216802D111602346EEE7013504EB12
:108F4000C50344F8351003F10801761AF6105E6087
:108F50001360F1E79466002073B50446A0F108059C
:108F600050F8080C54F8043C061D0C3007330190EF
:108F7000DB0844F8043C00F0BDF8334601989E42FB
:108F80001A6801D0AB4228D20AB1954225D244F8E2
:108F9000082C54F8042C1D60013254F8081C05EB11
:108FA000C206B14206D14E68324444F8042C0A6825
:108FB00044F8082C5E68711C03EBC1018D4207D197
:108FC00054F8042C013232445A6054F8082C1A60C8
:108FD00002B0BDE8704000F097B81346CFE700003C
:108FE000FEE7000070B51E4B0025044686B05860B1
:108FF0000E4605638163FEF7D7FC04F12803A560E4
:109000006563C4E90A3304F11003C4E904334FF083
:10901000FF33C4E90044C4E90635FFF7C5FE2B461B
:10902000024604F13C012046C4E9082380230D4A8E
:109030006567FDF7E7FB7368E0600B4A0362012395
:10904000009280F824306846F26801923269CDE9D6
:109050000223064BCDE90435FDF708FC06B070BDD0
:1090600010490020789D0008709D0008E18F0008DD
:109070000023C0E9000083600361704770B51C4B9A
:1090800005468468DE685CB3B44213D103690133DA
:10909000036170BDA36094F8243083B1062B15D111
:1090A000A06A2146D4E9003213605A60FDF706FB3E
:1090B000A36A9C68B368A2689A42EBD306E0D4E93D
:1090C0000032204613605A60FDF708FB28463146FF
:1090D000FDF7F4FAB5620620BDE87040FDF700BB6D
:1090E0000369866001330361336BC3603063D0E78B
:1090F0006846002008B5302383F31188FFF7BEFFD0
:10910000002383F3118808BD194BD96883688B420B
:1091100010B520D1302383F311880269013A02612E
:10912000B2B90468C368A0420B631ED04A6B9BB9F6
:1091300001238A60036103681A68026050601A6B39
:109140008360C26018631846FDF7C8FAFDF728FB74
:10915000002383F3118810BD1C68A34203D0A468C8
:10916000A24238BF2246DB68E1E78260F0E700BF39
:1091700068460020024A536B18435063704700BF93
:109180006846002038B5EFF311859DB9EFF30584EB
:10919000C4F30804302334B183F31188FDF70CFDC8
:1091A00085F3118838BD83F31188FDF705FD84F33D
:1091B000118838BDBDE83840FDF7FEBC704700009F
:1091C000114BD3F8E82042F00802C3F8E820D3F8A6
:1091D000102142F00802C3F810210C4AD3F81031D4
:1091E000D36B43F00803D363C722094B9A624FF055
:1091F000FF32DA6200229A615A63DA605A60012211
:109200005A611A60704700BF004402580010005CA9
:10921000000C0040094A08B51169D3680B40D9B267
:109220009B076FEA0101116107D5302383F3118891
:10923000FDF7DCFA002383F3118808BD000C004021
:1092400010B501390244904201D1002005E00378B5
:1092500011F8014FA34201D0181B10BD0130F2E7F5
:109260002DE9F041A3B1C91A17780144044603F16E
:10927000FF3C8C42204601D9002009E00578BD4220
:1092800004F10104F5D10CEB0405D618A54201D177
:10929000BDE8F08115F8018D16F801EDF045F5D027
:1092A000E7E70000884210B501EB020402D98442CE
:1092B000234607D8431EA14208D011F8012B03F81A
:1092C000012FF8E7024401468A4200D110BD13F88D
:1092D000014D02F8014DF7E7C9B2034610F8012B22
:1092E0001AB18A42F9D118467047002918BF0023E5
:1092F000F9E70000034611F8012B03F8012B002ABF
:10930000F9D1704710B50139034632B111F8014F58
:1093100003F8014B013A002CF7D11A440021934283
:1093200000D110BD03F8011BF9E700006666346543
:109330003331663338373436353334640000000057
:109340001210000012110000121300004D443500ED
:109350002D2D0A002F6172647570696C6F742E6117
:1093600062696E002F6172647570696C6F742D761E
:1093700065726966792E6162696E002F617264752B
:1093800070696C6F742D666C6173682E6162696EB2
:10939000002F6172647570696C6F742D666C6173F7
:1093A0006865642E6162696E0000000000000000C4
:1093B000000000003D0F00080110000851110008D6
:1093C000410F0008F90F0008000000000000000035
:1093D000390F00080D10000889110008350F00082A
:1093E000690F000853544D333248373F3F3F005315
:1093F000544D3332483733782F3732780053544D39
:109400003332483734332F3735332F373530000078
:1094100001105A0003105900012058000320560083
:1094200040A2E4F1646891060041A3E5F265699207
:10943000070000002F0000005375636365737366B7
:10944000756C6C79206D6F756E7465642053444340
:109450006172642028736C6F77646F776E3D257539
:10946000290A0000EB769045584641542020200000
:109470004641543332202020000000002A3A3C3E6E
:109480007C223F7F002B2C3B3D5B5D0043554541DB
:109490004141414345454549494941414592924FE2
:1094A0004F4F5555594F554F9C4F9E9F41494F55D2
:1094B000A5A5A6A7A8A9AAABACADAEAFB0B1B2B3F3
:1094C000B4414141B8B9BABBBCBDBEBFC0C1C2C343
:1094D000C4C54141C8C9CACBCCCDCECFD1D14545F9
:1094E0004549494949D9DADBDCDD49DF4FE14F4FD6
:1094F0004F4FE6E8E85555555959EEEFF0F1F2F3C4
:10950000F4F5F6F7F8F9FAFBFCFDFEFF0103050799
:10951000090E10121416181C1E00000061001A0318
:10952000E0001703F8000703FF00010078010001C5
:10953000300132010601390110014A012E01790181
:10954000060180014D0043028101820182018401F4
:10955000840186018701870189018A018B018B01C2
:109560008D018E018F019001910191019301940170
:10957000F60196019701980198013D029B019C011B
:109580009D0120029F01A001A001A201A201A4014E
:10959000A401A601A701A701A901AA01AB01AC0181
:1095A000AC01AE01AF01AF01B101B201B301B30132
:1095B000B501B501B701B801B801BA01BB01BC01E1
:1095C000BC01BE01F701C001C101C201C301C40158
:1095D000C501C401C701C801C701CA01CB01CA0145
:1095E000CD011001DD0101008E01DE011201F30148
:1095F0000300F101F401F401F80128012202120133
:109600003A020900652C3B023B023D02662C3F02F8
:1096100040024102410246020A0153024000810118
:109620008601550289018A0158028F015A02900170
:109630005C025D025E025F029301610262029401BC
:109640006402650266026702970196016A02622C53
:109650006C026D026E029C01700271029D01730228
:1096600074029F0176027702780279027A027B0205
:109670007C02642C7E027F02A60181028202A90183
:109680008402850286028702AE014402B101B20162
:1096900045028D028E028F0290029102B7017B0378
:1096A0000300FD03FE03FF03AC03040086038803ED
:1096B00089038A03B1031103C2030200A303A303B6
:1096C000C4030803CC0303008C038E038F03D80369
:1096D0001801F2030A00F903F303F403F503F60398
:1096E000F703F703F903FA03FA03300420035004E5
:1096F0001007600422018A043601C1040E01CF0460
:109700000100C004D00444016105260400000000EB
:109710007D1D0100632C001E9601A01E5A01001F32
:109720000806101F0606201F0806301F0806401FE7
:109730000606511F0700591F521F5B1F541F5D1F54
:10974000561F5F1F601F0806701F0E00BA1FBB1F49
:10975000C81FC91FCA1FCB1FDA1FDB1FF81FF91F45
:10976000EA1FEB1FFA1FFB1F801F0806901F080649
:10977000A01F0806B01F0400B81FB91FB21FBC1FEE
:10978000CC1F0100C31FD01F0206E01F0206E51F09
:109790000100EC1FF31F0100FC1F4E2101003221CC
:1097A00070211002842101008321D0241A05302C5D
:1097B0002F04602C0201672C0601752C0201802CFD
:1097C0006401002D260841FF1A030000C700FC00B9
:1097D000E900E200E400E000E500E700EA00EB0059
:1097E000E800EF00EE00EC00C400C500C900E60090
:1097F000C600F400F600F200FB00F900FF00D600FE
:10980000DC00F800A300D800D7009201E100ED00D1
:10981000F300FA00F100D100AA00BA00BF00AE00C8
:10982000AC00BD00BC00A100AB00BB00912592259F
:10983000932502252425C100C200C000A90063258C
:10984000512557255D25A200A50010251425342596
:109850002C251C2500253C25E300C3005A25542552
:1098600069256625602550256C25A400F000D000F0
:10987000CA00CB00C8003101CD00CE00CF001825B2
:109880000C2588258425A600CC008025D300DF0088
:10989000D400D200F500D500B500FE00DE00DA00ED
:1098A000DB00D900FD00DD00AF00B400AD00B10069
:1098B0001720BE00B600A700F700B800B000A8004F
:1098C000B700B900B300B200A025A000100002400C
:1098D000080002400008024000000B00280002407F
:1098E000080002400408024006010C00400002404B
:1098F000080002400808024010020D005800024013
:10990000080002400C08024016030E0070000240DE
:109910000C0002401008024000040F0088000240C2
:109920000C0002401408024006051000A00002408E
:109930000C0002401808024010061100B800024056
:109940000C0002401C08024016072F0010040240C1
:1099500008040240200802400008380028040240A1
:10996000080402402408024006093900400402406D
:109970000804024028080240100A3A005804024035
:10998000080402402C080240160B3B007004024001
:109990000C04024030080240000C3C0088040240E5
:1099A0000C04024034080240060D4400A0040240AA
:1099B0000C04024038080240100E4500B804024072
:1099C0000C0402403C080240160F46000100000053
:1099D00000000000009600000000000000000000F1
:1099E0000000000000000000000000000000000077
:1099F000556E0008596E00082D590008655C000876
:109A0000C1580008E958000811590008A958000871
:109A100000000000195D0008055D0008415D0008B8
:109A20002D5D0008395D0008255D0008115D000806
:109A3000FD5C00084D5D000800000000315E00087C
:109A40001D5E0008595E0008455E0008515E000872
:109A50003D5E0008295E0008155E0008655E00088E
:109A60000000000001000000000000006330000062
:109A70006C9A00080000000000000000E046002092
:109A8000104900200000802A00020000AAAAAAAA09
:109A900000000024FFFF00000000000000A00A00FA
:109AA000000200A000000000AAAAAAAA000100501B
:109AB000FFFF000000000900000000990000000600
:109AC00000000000AAAAAAAA00000001FFFF0000EF
:109AD000000000000000080020A00A0000000000B4
:109AE000AAAAAAAA10400500FFFF0000000800BBB8
:109AF000770000004045020038000000AAAAAAAA88
:109B000000000100FFFF000000000000070000004F
:109B10000020000000000000AAAAAAAA001000006D
:109B2000FFFF00000000000700000000004190005F
:109B300000000000AAAAAAAA00404000EFFB000013
:109B40000000000000A00000000400400000000031
:109B5000AAAAAAAA00040040FFFF0000000000001B
:109B6000000000000000100000000000AAAAAAAA3D
:109B700000001000FFFF00000000000000000000D7
:109B80000010400100000000AAAAAAAA001040018B
:109B9000FFFF0000000000000000000000000000C7
:109BA00000000000AAAAAAAA00000000FFFF00000F
:109BB00000000000000000004172647550696C6F85
:109BC000740025424F415244252D424C00255345F7
:109BD0005249414C25000000020000000000000036
:109BE00051600008C160000840004000C0610020D2
:109BF000D06100200200000000000000030000000F
:109C000000000000096100080000000010000000D2
:109C1000E0610020000000000100000000000000E2
:109C20003C65002001010200516F0008616E0008D0
:109C3000FD6E0008E16E000843000000409C000833
:109C400009024300020100C03209040000010202BF
:109C50000100052400100105240100010424020272
:109C60000524060001070582030800FF090401001E
:109C7000020A0000000705010240000007058102FA
:109C800040000000120000008C9C0008120110012E
:109C900002000040091241570002010203010000C6
:109CA0000403090425424F415244250043554156BF
:109CB0002D5832352D53555045522D4F44494400AF
:109CC00030313233343536373839414243444546F2
:109CD0000000000000000020000002000200000060
:109CE0000000003000000400080000000000002414
:109CF00000000800040000000004000000FC000058
:109D00000200000000000430008000000800000095
:109D10000000003800000100010000001F1C1F1E91
:109D20001F1E1F1F1E1F1E1F1F1D1F1E1F1E1F1F4A
:109D30001E1F1E1F00000000656200081D65000850
:109D4000C965000840004000746600207466002069
:109D50000100000084660020800000004001000037
:109D600008000000000100000010000008000000D2
:109D700069646C65000000006D61696E002C043838
:109D8000040438080C10141C2024252600000000B0
:109D9000000064040100040000000000000C00103A
:109DA00028303400C466FF7F01000000FFFFFFFF82
:109DB0006B4200000000000000001E0000000000D8
:109DC000FF00000018490020F83900208C390020DD
:109DD0002039002000000000E49300088304000004
:109DE000EF93000850040000FD93000801000000FC
:109DF000000000000096000000000800960000002F
:109E00000008000004000000A09C00080000000002
:109E10000000000000000000000000000000000042
:049E2000000000003E
:00000001FF
